,Time,Hip/Shoulder Separation,Elbow Flexion,Shoulder External Rotaion,Shoulder Horizontal Abduction,Shoulder Abduction,Lead Leg Knee Flexion,Lead Leg Knee Extension Angular Velocity,Trunk Forward Tilt,Trunk Lateral Tilt,Pelvis Angular Velocity,Torso Angular Velocity,Elbow Angular Velocity,Shoulder Angular Velocity
0,0,-2.480258000000001,112.63210600000004,5.315030000000002,-32.21596400000001,37.98279200000001,77.64124400000003,251.1766440000001,17.694546000000006,-13.109718000000004,16.182602000000006,-8.038010000000003,100.52426200000004,-13.942564000000003
1,1,-2.3462000000000005,112.06107800000001,5.266238,-32.03246000000001,37.878478,76.22949600000001,256.986268,17.880418000000002,-13.206702000000002,20.135594000000005,-7.018706000000001,104.99171400000002,-14.630676000000001
2,2,-2.1949099999999993,111.46549799999997,5.225429999999999,-31.854763999999996,37.783646,74.78611999999998,262.536994,18.068876,-13.302123999999997,24.237405999999996,-6.144013999999999,109.35504799999998,-15.095803999999996
3,3,-2.025466,110.846028,5.191352,-31.682754,37.698366,73.31288,267.712454,18.260126,-13.395836000000001,28.288522000000004,-5.421562,113.60982600000001,-15.402862
4,4,-1.8381180000000001,110.20316000000001,5.1621820000000005,-31.515158000000007,37.622246000000004,71.812286,272.34606800000006,18.454522,-13.487756000000001,32.10454,-4.823812,117.81751400000002,-15.649078000000001
5,5,-1.6341699999999995,109.53684599999998,5.135811999999999,-31.349759999999996,37.554697999999995,70.28785599999998,276.25991999999997,18.652323999999997,-13.577763999999997,35.56249799999999,-4.319081999999997,122.09730999999996,-15.930081999999995
6,6,-1.4154540000000002,108.84625800000002,5.110092000000002,-31.184022000000006,37.49505200000001,68.74400000000001,279.3075980000001,18.853692000000002,-13.665574000000001,38.62011400000001,-3.8953080000000013,126.58423200000003,-16.302318000000003
7,7,-1.1836760000000002,108.129956,5.083158000000001,-31.015624000000003,37.442634,67.185822,281.407936,19.058472,-13.750642000000001,41.302640000000004,-3.5599519999999996,131.36763000000002,-16.761156
8,8,-0.9401060000000002,107.38622800000002,5.053408000000001,-30.842892000000006,37.396834000000005,65.618612,282.56135000000006,19.266238,-13.832058000000002,43.66722600000001,-3.3137239999999997,136.43534200000002,-17.247688000000004
9,9,-0.685664,106.61377200000001,5.019324,-30.664698,37.357136,64.04748000000001,282.847914,19.476368,-13.908814,45.763828000000004,-3.1134779999999993,141.65132000000003,-17.683268
10,10,-0.42142400000000024,105.81238400000002,4.979070000000001,-30.479712000000003,37.323164,62.47687600000001,282.41148200000003,19.688160000000003,-13.980038000000002,47.61202000000001,-2.849426,146.78390000000002,-18.013938000000003
11,11,-0.14921600000000013,104.983232,4.9300999999999995,-30.285639999999997,37.29478,60.910336,281.436656,19.900944,-14.045588,49.204026000000006,-2.3573939999999998,151.582032,-18.240948
12,12,0.12797999999999984,104.12877199999998,4.868988,-30.078559999999996,37.272158,59.35027799999999,280.124262,20.114259999999998,-14.106219999999999,50.53068999999999,-1.4702100000000002,155.872468,-18.421141999999996
13,13,0.4062040000000001,103.25198799999998,4.791645999999999,-29.853039999999996,37.255883999999995,57.79805199999999,278.668324,20.327849999999998,-14.163718,51.61452799999999,-0.08962599999999953,159.63792199999997,-18.636746000000002
14,14,0.6813219999999999,102.355464,4.693946,-29.602937999999998,37.247012,56.25395199999999,277.235736,20.541657999999998,-14.220486,52.530066,1.7531559999999997,163.042476,-18.94937
15,15,0.950148,101.44042999999998,4.572438,-29.322795999999993,37.2469,54.71748399999999,275.94919799999997,20.755809999999997,-14.278925999999997,53.39771999999999,3.8784900000000007,166.39429399999997,-19.358878
16,16,1.2114479999999999,100.506142,4.42476,-29.008993999999998,37.25694,53.187576,274.87420399999996,20.970495999999997,-14.340772,54.35155399999999,5.992976,170.062362,-19.782794
17,17,1.466552,99.549878,4.249992,-28.660576000000002,37.278240000000004,51.663044,274.01119,21.185950000000002,-14.406544000000002,55.49631600000001,7.766428000000001,174.380412,-20.062162
18,18,1.7190800000000002,98.56730400000001,4.048208,-28.279304000000003,37.311322000000004,50.142834,273.29370800000004,21.40239,-14.475358000000002,56.8751,8.923434,179.571158,-19.991775999999998
19,19,1.9741819999999999,97.553264,3.82,-27.868896,37.356054,48.626442000000004,272.593492,21.619996,-14.545136,58.463582,9.318968,185.70890200000002,-19.369964000000003
20,20,2.2373540000000007,96.50259600000001,3.5657200000000002,-27.433960000000006,37.41173800000001,47.114256000000005,271.733208,21.838858000000005,-14.613204000000003,60.19130200000001,8.976912,192.72056200000003,-18.059092
21,21,2.513158,95.41089399999998,3.2851139999999996,-26.978763999999998,37.477433999999995,45.60771,270.50771999999995,22.058951999999998,-14.676925999999998,61.975572,8.084637999999998,200.4156,-16.040693999999995
22,22,2.8043219999999995,94.27507999999997,2.977046,-26.505965999999997,37.552417999999996,44.109442,268.712472,22.280063999999996,-14.73449,63.74787599999999,6.949141999999999,208.53580399999998,-13.443138
23,23,3.1112080000000004,93.093532,2.6396040000000003,-26.015914000000002,37.636518,42.623086,266.174054,22.501760000000004,-14.785316,65.460188,5.928090000000002,216.81664400000003,-10.523150000000001
24,24,3.431726,91.865996,2.2704059999999995,-25.506418,37.730328,41.153184,262.774286,22.723414,-14.830157999999999,67.072436,5.352361999999999,225.04566200000002,-7.599380000000004
25,25,3.761682,90.59318400000001,1.866802,-24.972924000000003,37.835224000000004,39.704688000000004,258.460202,22.944236,-14.870944000000001,68.53519200000001,5.457443999999999,233.098474,-4.959016000000001
26,26,4.095435999999999,89.276228,1.4260640000000007,-24.409371999999998,37.95311,38.282708,253.2375,23.163372,-14.910248,69.78361199999999,6.339007999999999,240.938946,-2.772766000000002
27,27,4.426878,87.91627400000002,0.9452119999999999,-23.80893,38.086092,36.892184,247.15230400000002,23.380034000000002,-14.950692000000002,70.75077,7.943764,248.58644200000003,-1.0542279999999993
28,28,4.750256,86.514314,0.42087800000000014,-23.16482,38.23599,35.537718,240.27044600000002,23.593588,-14.994416000000001,71.395592,10.097649999999998,256.069186,0.31765200000000166
29,29,5.0611500000000005,85.07123,-0.15068599999999954,-22.470896000000003,38.404178,34.223558000000004,232.66314000000003,23.803604,-15.042754,71.730406,12.562978000000001,263.38878,1.5185820000000023
30,30,5.3569,83.58800600000001,-0.7733400000000001,-21.722018,38.591428,32.953518,224.40357400000002,24.009790000000002,-15.096096,71.832288,15.106164,270.512652,2.6709259999999997
31,31,5.636716,82.065856,-1.4501940000000002,-20.914194000000002,38.798022,31.73103,215.57325,24.211958,-15.154110000000001,71.829294,17.554394,277.393644,3.748754
32,32,5.901344,80.506226,-2.1825460000000003,-20.044718000000003,39.023996000000004,30.558966,206.271884,24.409892,-15.21606,71.86554,19.824264,283.999526,4.532595999999999
33,33,6.152516,78.910694,-2.9687,-19.112250000000003,39.269328,29.439656,196.622242,24.603238,-15.28107,72.058626,21.91739,290.329706,4.631930000000002
34,34,6.3921280000000005,77.28072,-3.8032040000000005,-18.116840000000003,39.534204,28.37462,186.76227000000003,24.791412,-15.348414,72.466082,23.890858,296.405544,3.569545999999996
35,35,6.621759999999999,75.617662,-4.6765740000000005,-17.06001,39.818903999999996,27.364674,176.82132400000003,24.973624,-15.417608,73.072772,25.817686,302.236964,0.9014019999999994
36,36,6.842324,73.92295000000001,-5.576006,-15.944666,40.123958,26.409968000000003,166.885108,25.148824,-15.48844,73.80157200000001,27.753172,307.781746,-3.6656679999999984
37,37,7.054026,72.19846600000001,-6.486422,-14.774992,40.450062,25.510406000000003,156.961942,25.3158,-15.560815999999999,74.54017,29.716352,312.916676,-10.194886000000002
38,38,7.256550000000001,70.44699800000001,-7.391976,-13.556408,40.798106000000004,24.66607,146.96741400000002,25.473242,-15.6347,75.172706,31.68723,317.433062,-18.502958000000003
39,39,7.449288,68.67270400000001,-8.277442,-12.29538,41.169178,23.877778,136.73930000000001,25.61984,-15.709988000000001,75.60512399999999,33.615032,321.05645400000003,-28.20737
40,40,7.631748,66.881404,-9.129194000000002,-10.999314000000002,41.564382,23.147382000000004,126.07841200000001,25.754444,-15.786362000000002,75.778738,35.43032,323.48087000000004,-38.816084000000004
41,41,7.803640000000001,65.08059,-9.935798,-9.676194,41.98469600000001,22.477826,114.79187600000002,25.876150000000003,-15.863176000000001,75.671786,37.056022000000006,324.403492,-49.82284000000001
42,42,7.96508,63.279424,-10.688262,-8.33431,42.430640000000004,21.873065999999998,102.71094000000001,25.984450000000002,-15.939442,75.29338,38.415366,323.549544,-60.773684
43,43,8.116604,61.48843000000001,-11.380064000000003,-6.981716000000001,42.902080000000005,21.337946000000002,89.67836000000001,26.079206,-16.013804,74.674,39.437308,320.683598,-71.28908600000001
44,44,8.259238,59.719378000000006,-12.007348,-5.6258040000000005,43.39822,20.878188,75.534326,26.160674,-16.084652000000002,73.855656,40.060924,315.61001,-81.051138
45,45,8.394454000000001,57.98499000000001,-12.569,-4.2728280000000005,43.917781999999995,20.500394,60.145846,26.229385999999998,-16.150338,72.881898,40.239396,308.168316,-89.78031000000001
46,46,8.524192000000001,56.298822,-13.066954,-2.9275260000000003,44.459478,20.211662,43.503256,26.285972,-16.209322,71.78851,39.943728,298.228766,-97.224506
47,47,8.650694,54.675028000000005,-13.506281999999999,-1.5927840000000004,45.022548,20.018452,25.859798,26.331066,-16.260354,70.596992,39.16518,285.689766,-103.172032
48,48,8.776468,53.12827199999999,-13.894911999999998,-0.2694539999999998,45.60716399999999,19.924923999999997,7.843628000000006,26.365153999999993,-16.302567999999997,69.31459199999999,37.91544199999999,270.47570799999994,-107.48877399999998
49,49,8.904094000000002,51.67360200000001,-14.243100000000004,1.0437740000000002,46.21473600000001,19.930558000000005,-9.543720000000002,26.388512000000006,-16.335408000000005,67.94339000000002,36.223944,252.53237400000006,-110.17310200000003
50,50,9.036092,50.326254,-14.562311999999999,2.350212,46.84784,20.028536,-25.094818000000004,26.401188,-16.358524,66.496214,34.132376,231.81859599999999,-111.41334200000001
51,51,9.174952000000001,49.101768,-14.863605999999999,3.654872,47.50989,20.205385999999997,-37.708804,26.403114000000002,-16.371572,65.01213200000001,31.687504,208.29624800000002,-111.62319799999999
52,52,9.323108000000001,48.015824,-15.15582,4.963712,48.20481600000001,20.442522000000004,-46.74774400000001,26.394066000000002,-16.374056,63.56210000000001,28.934260000000005,181.92456200000004,-111.42457200000003
53,53,9.483076,47.084392,-15.44391,6.282782000000001,48.93661,20.719728,-52.291346000000004,26.3737,-16.365274,62.239124000000004,25.911043999999997,152.66616399999998,-111.555116
54,54,9.657498000000002,46.32355200000001,-15.727922000000001,7.617110000000001,49.70910800000001,21.019386000000004,-55.163500000000006,26.341608000000004,-16.344292000000003,61.13561000000001,22.649168000000003,120.50975800000002,-112.70148800000003
55,55,9.849176,45.74937,-16.003054,8.969776000000001,50.52598199999999,21.330166,-56.690754,26.297124,-16.309992,60.318217999999995,19.176614,85.50847800000001,-115.296966
56,56,10.060808,45.37726,-16.261054,10.341176,51.390775999999995,21.648642,-58.275242,26.239340000000002,-16.261256,59.813482,15.524880000000001,47.826817999999996,-119.354236
57,57,10.294949999999998,45.221383999999986,-16.492506,11.728775999999998,52.30701199999999,21.978463999999995,-60.96237799999999,26.166983999999992,-16.19702,59.61226399999999,11.736441999999997,7.785346000000013,-124.40932999999997
58,58,10.553744000000004,45.293554000000015,-16.689446000000004,13.127386000000003,53.27815600000001,22.327500000000004,-65.19128600000002,26.078376000000006,-16.116446000000007,59.691526000000025,7.870274000000002,-34.10770800000001,-129.61930200000003
59,59,10.838946,45.602206,-16.847304,14.52971,54.307168000000004,22.70429,-70.817254,25.971456,-16.018902,60.042854,4.003636,-77.146186,-133.998558
60,60,11.151982,46.151346000000004,-16.965608,15.927349999999999,55.396026,23.115362,-77.351466,25.843794,-15.904044,60.693391999999996,0.2300960000000015,-120.443916,-136.722032
61,61,11.494078000000002,46.93960800000001,-17.047108,17.311538000000002,56.545044000000004,23.564210000000003,-84.27023600000001,25.692748,-15.771790000000001,61.70918800000001,-3.344641999999999,-162.984224,-137.39406
62,62,11.866418,47.959812,-17.095616,18.673944,57.752418,24.051828,-91.249236,25.515496,-15.62225,63.179565999999994,-6.6074720000000005,-203.700468,-136.189642
63,63,12.270132,49.198896000000005,-17.113482,20.007018000000002,59.01414400000001,24.578208000000004,-98.24962000000001,25.309122000000002,-15.455988000000001,65.19091200000001,-9.441608,-241.57858400000003,-133.81709800000002
64,64,12.706194,50.63861,-17.09938,21.304308000000002,60.324276,25.14386,-105.465298,25.070605999999998,-15.273972,67.8039,-11.728944000000002,-275.764686,-131.313172
65,65,13.175236,52.256567999999994,-17.047472,22.56047,61.675666,25.750778,-113.192614,24.796903999999998,-15.077862,71.046498,-13.35115,-305.654978,-129.74456800000002
66,66,13.677301999999997,54.02788799999999,-16.947933999999997,23.771361999999996,63.06070199999999,26.402595999999996,-121.69606599999997,24.484895999999996,-14.870101999999997,74.92728199999998,-14.189923999999996,-330.94802599999997,-129.92761599999997
67,67,14.211872000000003,55.926878000000016,-16.788710000000005,24.934056000000005,64.47198200000001,27.10416800000001,-131.12541800000002,24.131540000000008,-14.653916000000004,79.46379200000003,-14.126214000000004,-351.6494980000001,-132.27255600000004
68,68,14.77785,57.928632,-16.557460000000003,26.047040000000003,65.902644,27.860778,-141.50353800000002,23.733928000000002,-14.433206,84.71444600000001,-13.038440000000001,-368.033644,-136.807256
69,69,15.373788,60.010382,-16.243232,27.110328,67.34613,28.677568,-152.764416,23.289499999999997,-14.21228,90.80326600000001,-10.799814,-380.577462,-143.35746600000002
70,70,15.998212000000002,62.152392000000006,-15.836750000000002,28.125824,68.79563000000002,29.559156,-164.79792800000004,22.796140000000005,-13.995328000000002,97.93245600000002,-7.275044,-389.8855700000001,-151.79024000000004
71,71,16.650022,64.338478,-15.329698,29.097418,70.243394,30.509462,-177.461078,22.252218,-13.786119999999999,106.383406,-2.316297999999998,-396.614954,-162.20158
72,72,17.328936000000002,66.55606600000002,-14.713278,30.031154000000004,71.68003800000001,31.531466000000005,-190.54417200000003,21.656544000000004,-13.587684000000001,116.50843,4.242188000000001,-401.3949800000001,-174.963994
73,73,18.035846,68.79583000000001,-13.976849999999999,30.934956000000003,73.094466,32.626675999999996,-203.717804,21.00792,-13.402184,128.711348,12.590306000000004,-404.73147000000006,-190.626168
74,74,18.77318,71.050708,-13.107202,31.817964000000003,74.474204,33.794366,-216.51051999999999,20.304848,-13.231026,143.41064599999999,22.947838,-406.891898,-209.73202
75,75,19.544821999999996,73.31419399999999,-12.088472,32.68935199999999,75.80622799999998,35.03089599999999,-228.36279999999996,19.544897999999996,-13.075099999999997,160.97845799999996,35.56567599999999,-407.79068999999987,-232.65885199999994
76,76,20.355660000000004,75.57816600000002,-10.902744000000002,33.556748000000006,77.07801200000002,36.32952400000001,-238.76598800000008,18.724336000000005,-12.935012000000004,181.65659600000006,50.717656000000005,-406.91690400000005,-259.549206
77,77,21.210544,77.830506,-9.530516,34.424726,78.27845,37.681226,-247.43941000000004,17.838,-12.811176,205.465138,68.6791,-403.355266,-290.34709000000004
78,78,22.112648,80.053156,-7.951412,35.293588,79.39840600000001,39.076313999999996,-254.450396,16.879426,-12.703694,232.131796,89.69210200000002,-395.934548,-324.886554
79,79,23.061692000000004,82.22132000000002,-6.144782,36.159204,80.43083200000001,40.506432000000004,-260.16629800000004,15.841430000000003,-12.612000000000002,261.07367600000003,113.922944,-383.493248,-362.954478
80,80,24.052212,84.30446,-4.090792,37.013776,81.370512,41.96559,-264.969434,14.716968,-12.534234000000001,291.45068200000003,141.42126399999998,-365.2008,-404.27132
81,81,25.072596000000004,86.26897600000002,-1.772244,37.84734,82.21377600000001,43.44899,-268.76319200000006,13.500038000000002,-12.466452000000002,322.28537800000004,172.092442,-340.83752400000003,-448.39014800000007
82,82,26.105021999999998,88.082088,0.8232600000000001,38.649478,82.958434,44.948775999999995,-270.42758200000003,12.186358,-12.401918,352.617322,205.691852,-310.941918,-494.572368
83,83,27.126315999999996,89.71615200000001,3.701024,39.410385999999995,83.603918,46.447218,-267.491256,10.773933999999999,-12.330511999999999,381.643372,241.84438600000001,-276.77738,-541.7264
84,84,28.109886000000007,91.15217000000001,6.857834000000001,40.12106200000001,84.15168600000001,47.909246,-256.30765,9.263104,-12.238500000000002,408.79926000000006,280.08621400000004,-240.13109600000004,-588.4784800000001
85,85,29.027684,92.381934,10.281886,40.772473999999995,84.605234,49.277795999999995,-232.907892,7.656594,-12.108851999999999,433.760956,319.920412,-203.00870199999997,-633.389546
86,86,29.852230000000006,93.40828200000001,13.954538000000003,41.354336,84.96973800000002,50.475776,-194.45405400000004,5.959596,-11.921880000000002,456.37831600000004,360.87480800000003,-167.31473800000003,-675.2653880000001
87,87,30.558132,94.24385000000001,17.853638,41.853794,85.250936,51.41695,-140.908326,4.180204,-11.656358,476.583076,402.550768,-134.611438,-713.45913
88,88,31.122918,94.908678,21.957736,42.25445,85.453766,52.02559,-76.295686,2.33031,-11.290778,494.323884,444.654248,-106.02378800000001,-748.0559639999999
89,89,31.527521999999994,95.42794799999997,26.250335999999997,42.53602599999999,85.58115399999998,52.26054399999999,-8.909423999999992,0.42683600000000005,-10.804339999999998,509.5679819999999,487.0046259999999,-82.31122999999998,-779.8652159999999
90,90,31.756610000000006,95.83041400000002,30.72299200000001,42.67478000000001,85.63348000000002,52.136454000000015,49.93896200000001,-1.5071620000000001,-10.177754000000004,522.3761420000001,529.5221040000001,-64.06177000000001,-810.2094620000003
91,91,31.799135999999997,96.148058,35.376376,42.644892,85.609242,51.73414,88.53243400000001,-3.441744,-9.393636,533.019704,572.196938,-51.908266000000005,-840.5680320000001
92,92,31.649126000000003,96.416784,40.219126,42.420682,85.50677999999999,51.193734000000006,98.06972999999999,-5.340458,-8.436724,542.0794060000001,615.044758,-46.642315999999994,-872.1781900000001
93,93,31.30681,96.677256,45.264496,41.979524,85.32660200000001,50.689634,75.643476,-7.161576000000001,-7.294264000000001,550.4588180000001,658.049376,-49.12856799999999,-905.705356
94,94,30.779528000000006,96.97456600000001,50.525896,41.30480000000001,85.07371200000001,50.392034,25.791125999999995,-8.860254000000001,-5.956866,559.2655080000001,701.093284,-59.99913200000001,-941.066652
95,95,30.082144000000003,97.35569600000001,56.012344000000006,40.388126,84.75887200000001,50.4257,-40.069158,-10.391152,-4.420034,569.556188,743.878376,-79.20916600000001,-977.440214
96,96,29.23648999999999,97.86458999999996,61.72489199999998,39.230113999999986,84.39854799999998,50.837769999999985,-106.30176599999997,-11.710823999999997,-2.686213999999999,581.9971019999998,785.8487399999998,-105.62095599999996,-1013.4372099999997
97,97,28.269586,98.53524999999999,67.65498,37.839236,84.01341799999999,51.58493199999999,-157.056938,-12.779366,-0.7669679999999999,596.5367579999998,826.1394039999999,-136.808032,-1047.3722779999998
98,98,27.21061199999999,99.38483999999997,73.78446799999998,36.228923999999985,83.62619999999997,52.54404999999998,-180.37346799999995,-13.561383999999997,1.3153459999999995,612.2062019999997,863.5830839999996,-169.20562799999993,-1077.5549299999996
99,99,26.087289999999992,100.40848999999997,80.08729999999997,34.41389999999999,83.25986799999997,53.543075999999985,-171.11125199999995,-14.026075999999996,3.526963999999999,627.1389279999999,896.8012919999996,-198.58854399999993,-1102.5407259999995
100,100,24.921985999999997,101.577468,86.53166399999998,32.406783999999995,82.93694199999999,54.40299799999999,-131.87187799999998,-14.147177999999997,5.823643999999999,638.8424019999999,924.3838379999999,-220.68369399999995,-1121.3061759999998
101,101,23.728484,102.84037800000002,93.08202400000002,30.216400000000007,82.68030600000002,54.978942,-71.75988000000001,-13.903002,8.152816000000001,644.6733020000001,945.1250780000003,-231.60717000000005,-1133.3149240000002
102,102,22.510223999999997,104.12563399999999,99.70015799999999,27.848327999999995,82.514456,55.189009999999996,-3.5243119999999943,-13.277107999999998,10.456828,642.396812,958.2499039999999,-227.837294,-1138.40402
103,103,21.2604,105.34213,106.344238,25.308020000000003,82.465548,55.024982,59.945434000000006,-12.259372,12.676266,630.6771060000001,963.548478,-205.63685400000003,-1136.3579160000002
104,104,19.964274,106.37550999999999,112.96440000000001,22.605828000000002,82.558688,54.543796,108.729406,-10.847596000000001,14.753174,609.36144,961.357894,-160.180234,-1126.020774
105,105,18.603527999999994,107.07990199999996,119.49298599999996,19.763585999999997,82.81143799999997,53.844731999999986,137.81548599999996,-9.048911999999998,16.633635999999996,579.4839639999998,952.3800579999997,-84.99330799999996,-1103.9100339999995
106,106,17.161882,107.26907,125.827716,16.82143,83.224792,53.039828,147.53840399999999,-6.880967999999999,18.270021999999997,542.999472,937.388608,27.516738000000014,-1062.575688
107,107,15.631157999999994,106.71506999999995,131.80814999999996,13.844119999999997,83.77492199999998,52.22595399999998,142.64841399999995,-4.372287999999998,19.623021999999995,502.3359199999998,916.9255879999997,183.86187599999994,-989.3375739999997
108,108,14.016325999999994,105.16412599999995,137.18964399999996,10.924705999999997,84.41025399999997,51.46500399999999,130.46944599999995,-1.5619979999999996,20.663977999999993,459.8988439999999,891.0998239999997,385.65349999999984,-866.3414859999997
109,109,12.338335999999996,102.37663199999997,141.62407999999996,8.1832,85.057836,50.775505999999986,118.74836799999997,1.50111,21.376908,417.6619479999999,859.5656359999998,625.1336539999999,-672.8575479999998
110,110,10.633824000000002,98.19030800000002,144.660074,5.757288000000001,85.64051200000002,50.13596600000001,113.76070800000001,4.759966000000001,21.760292000000003,376.93587800000006,821.6969060000001,881.8762320000002,-390.21538200000003
111,111,8.951526,92.59381399999998,145.77512599999997,3.7830739999999996,86.10206,49.49691,119.07490200000001,8.151202,21.827549999999995,338.341872,776.8994119999999,1122.766238,-8.762593999999904
112,112,7.345974,85.78771,144.445602,2.366772,86.43314400000001,48.797732,135.15293200000002,11.60725,21.606090000000005,301.953298,724.95387,1306.7165240000002,464.9307740000001
113,113,5.8697680000000005,78.205402,140.248448,1.5514039999999998,86.68874,47.983282,159.73975600000003,15.059264,21.13487,267.526776,666.2716340000001,1393.9888440000002,1003.184538
114,114,4.566247999999998,70.47299999999997,132.97461599999994,1.2870279999999996,86.98815799999997,47.01663399999998,188.81506999999993,18.440371999999996,20.461049999999993,234.73702599999993,601.9794899999998,1357.9491739999999,1557.1124899999995
115,115,3.464236,63.304717999999994,122.72408799999998,1.4140899999999998,87.49341199999999,45.88561,217.78324999999998,21.689878,19.63668,203.348256,533.815178,1195.482434,2062.6562999999996
116,116,2.5759599999999994,57.352883999999975,109.95093599999997,1.6687419999999988,88.36880999999998,44.602789999999985,242.57474399999992,24.757343999999993,18.716039999999992,173.28824399999993,463.8866219999998,931.9659379999997,2452.1720419999992
117,117,1.8981699999999995,53.05214799999998,95.43706199999997,1.7135999999999996,89.73132599999997,43.200135999999986,260.41332199999994,27.60650399999999,17.754007999999995,144.62659999999994,394.39671399999986,618.0283099999998,2668.931571999999
118,118,1.4155339999999998,50.50632999999999,80.19210599999998,1.1902619999999995,91.60673199999998,41.72065799999999,270.13299599999993,30.217647999999993,16.804919999999996,117.48832999999996,327.44414399999994,317.97127199999994,2680.4707519999997
119,119,1.1043580000000002,49.45779200000001,65.30020400000001,-0.21715199999999996,93.90571200000002,40.20949400000001,272.06493400000005,32.588114000000004,15.920986000000003,91.95286200000002,264.972184,92.78348000000004,2486.5832080000005
120,120,0.9349059999999999,49.356142,51.75199,-2.723364,96.42994599999999,38.706579999999995,267.61741,34.730171999999996,15.149216,67.99358799999999,208.866796,-17.035550000000022,2119.2151499999995
121,121,0.8712400000000001,49.510600000000004,40.305472,-6.40274,98.90820800000002,37.242194000000005,258.72031200000004,36.666996000000005,14.526238000000001,45.498872,161.126842,-3.066181999999979,1634.2240840000002
122,122,0.8690140000000005,49.281307999999996,31.409068,-11.179488000000001,101.05377399999999,35.835552,247.29861800000003,38.427330000000005,14.071604,24.384878,123.97500800000002,109.21855000000001,1097.8775620000001
123,123,0.8728119999999998,48.250137999999986,25.196769999999994,-16.848063999999994,102.62693799999997,34.49602999999999,234.89213799999993,40.04032799999999,13.780975999999995,4.7697699999999985,99.77439399999997,269.2954459999999,572.7315399999999
124,124,0.8157320000000001,46.317190000000004,21.541391999999995,-23.116462,103.48452999999999,33.225919999999995,222.47579,41.53160199999999,13.621887999999998,-12.854646,90.67480399999998,418.115302,107.25916200000003
125,125,0.623318,43.69568599999999,20.135273999999992,-29.66000799999999,103.60286399999997,32.02367199999999,210.4731719999999,42.921233999999984,13.534155999999996,-27.528987999999984,98.02463799999998,506.5116319999999,-268.50655199999994
126,126,0.22250599999999984,40.81267599999999,20.568375999999994,-36.172063999999985,103.06830799999996,30.88667399999999,198.91024599999994,44.22334999999998,13.436563999999997,-37.86767399999999,121.70942799999995,509.10559599999976,-541.8062619999997
127,127,-0.4454719999999998,38.155823999999996,22.385895999999992,-42.401949999999985,102.03999999999998,29.812839999999998,187.63165999999998,45.446942,13.239399999999998,-42.254666,159.66189399999996,429.22577199999995,-712.908566
128,128,-1.4116980000000003,36.12123400000001,25.124332000000003,-48.17503000000001,100.69770400000002,28.801134000000005,176.50063800000004,46.59679400000001,12.860438000000004,-39.167238000000005,207.779674,293.94256800000005,-790.5486580000002
129,129,-2.6696299999999997,34.911896,28.336614,-53.39583999999999,99.19128799999999,27.850998,165.52261199999998,47.673974,12.240389999999998,-27.564079999999993,260.375388,142.03369999999998,-788.6977819999998
130,130,-4.17242,34.512452,31.617346,-58.038328,97.60736800000001,26.96138,154.86709000000002,48.675788000000004,11.353790000000002,-7.249831999999998,311.10330200000004,9.998272000000009,-724.7321740000001
131,131,-5.838958,34.73584,34.631566,-62.129236,95.961366,26.129854,144.800824,49.595954,10.21231,20.879396,354.13218400000005,-78.71605000000001,-618.073632
132,132,-7.567973999999998,35.31302799999999,37.14143399999999,-65.72958199999998,94.21464599999997,25.352365999999993,135.57490799999997,50.425243999999985,8.859593999999998,54.79142199999998,385.2354419999999,-118.08750199999999,-488.4191499999999
133,133,-9.25626,35.987497999999995,39.020869999999995,-68.917964,92.30752799999999,24.623509999999996,127.318704,51.153603999999994,7.359616,91.51841399999999,402.4881739999999,-117.22025400000001,-353.46117200000003
134,134,-10.816785999999997,36.58197599999999,40.25119999999999,-71.77744599999997,90.19466399999997,23.93753199999999,119.98282199999996,51.77307999999998,5.781947999999999,127.58574799999995,406.3853999999999,-93.59356999999996,-226.79156599999996
135,135,-12.191927999999995,37.022441999999984,40.899079999999984,-74.38654399999997,87.86965799999996,23.289461999999993,113.34835599999995,52.28117199999999,4.1881559999999975,159.58487199999996,399.3781539999998,-65.23248199999998,-116.87915399999991
136,136,-13.358975999999998,37.32228599999999,41.08456399999999,-76.81410199999999,85.37124399999999,22.676132,107.09375599999997,52.68320399999999,2.6228759999999993,184.75333799999996,384.99862199999995,-44.792726,-27.515562
137,137,-14.327348000000002,37.543148,40.95006,-79.11761600000001,82.77122000000001,22.096590000000006,100.89440000000002,52.99292200000001,1.11115,201.41264000000004,366.85284200000007,-37.13433800000001,40.659772000000004
138,138,-15.129393999999998,37.752834,40.637198,-81.34394599999999,80.15135799999999,21.551911999999998,94.526094,53.23093999999999,-0.33843000000000034,209.14873399999996,347.77388199999996,-40.298027999999995,88.46009199999999
139,139,-15.808010000000001,37.995914,40.273512000000004,-83.530876,77.57930200000001,21.044120000000003,87.948014,53.421336000000004,-1.72679,208.696336,329.349708,-48.58919,117.11761000000003
140,140,-16.404808,38.283676,39.965634,-85.707888,75.093514,20.57482,81.343754,53.587506000000005,-3.05671,201.58036200000004,311.904736,-56.056822000000004,128.213574
141,141,-16.951809999999995,38.60109399999999,39.79489799999998,-87.89499999999997,72.70163599999997,20.143557999999995,75.10281999999998,53.74829399999998,-4.3268559999999985,189.64297199999993,294.8666359999999,-58.980395999999985,124.23894799999997
142,142,-17.468144,38.92213999999999,39.81319599999999,-90.09964399999997,70.39146399999998,19.746987999999998,69.73189199999997,53.91540399999999,-5.529113999999998,174.61461199999997,277.34052599999995,-56.72959399999999,109.11433599999998
143,143,-17.961270000000003,39.224886000000005,40.03990400000001,-92.31291200000001,68.14847400000002,19.379036000000003,65.70399200000001,54.09255800000001,-6.649396,157.85643000000002,258.67029800000006,-51.14660600000001,88.10030800000003
144,144,-18.431106,39.499582000000004,40.462552,-94.507932,65.971984,19.032518,63.283202,54.276426,-7.670742000000001,140.323326,238.802002,-45.117456000000004,66.95173799999999
