Time,Hip/Shoulder Separation,Lead Leg Knee Flexion,Lead Leg Knee Extension Angular Velocity,Trunk Forward Tilt,Trunk Lateral Tilt,Shoulder Abduction,Shoulder Horizontal Abduction,Shoulder External Rotaion,Elbow Flexion,Back Force Y,Back Force Z,Front Force Y,Front Force Z,Back Torque,Front Torque,Pelvis Angular Velocity,Torso Angular Velocity,Elbow Angular Velocity,Shoulder Angular Velocity
0,-2.320498215431954,51.86626652684247,433.8302940038816,32.880719574061075,-11.724264029333314,51.30225636106231,-80.8001672320455,41.3521293231005,53.79401656734893,0,0,0,0,0,0,22.057880331290377,-23.68648652845448,278.51328794357255,178.38833463260704
1,-1.9003980242232281,49.29247941349726,472.9421536966239,33.06522078619636,-11.777637388138196,51.204594321269106,-80.23045563219294,40.27350835493468,52.40676355697277,0,0,0,0,0,0,49.40553437739636,-11.097302811450984,281.77103588463257,156.52111954289228
2,-1.4936671185180925,46.64019690386074,510.1319464887896,33.24361233259012,-11.839467493592915,51.12118920221159,-79.66467259363436,39.19834025640415,50.9743839592879,0,0,0,0,0,0,73.58850084287553,0.7327193470512203,286.87529263904537,138.25774946379113
3,-1.1153083247272042,43.85528776975183,543.6793115904699,33.41045254126435,-11.9168041302447,51.06676551708263,-79.1114857204709,38.12940086218482,49.46252176294319,0,0,0,0,0,0,91.88986039208918,11.080822176567347,295.1707605363083,126.51603363809824
4,-0.7789046599516654,40.90765367055333,571.7650914268601,33.56201274155573,-12.01508913765758,51.052993693536635,-78.57994098634516,37.059957669190446,47.845217575468624,0,0,0,0,0,0,102.71341137695485,19.438542380633233,307.1680017498012,123.65695100093271
5,-0.4951296621363264,37.79547471549241,592.6089207063374,33.69672243089598,-12.137550519214159,51.08715515221679,-78.07826377577449,35.97087341725238,46.107143028491166,0,0,0,0,0,0,105.85109072985968,25.571553350127704,322.37433698473575,131.11307220123905
6,-0.2700801473594527,34.54446979486386,604.7527627450609,33.81519079281481,-12.284753539099563,51.17136509394009,-77.6124095219912,34.83127192330375,44.24504902143972,0,0,0,0,0,0,102.44154069712938,29.531042712376646,339.4098327437262,149.0884143104295
7,-0.10392258312592245,31.202426113512587,607.3935109187096,33.919838429843146,-12.454383126834427,51.30256107016979,-77.18499502569145,33.6029093508854,42.2678456790733,0,0,0,0,0,0,94.63404344435534,31.61855599417933,356.3611832464578,176.4080766617767
8,0.009589929236589897,27.83027018828471,600.6286341345759,34.014253083402785,-12.641377585396997,51.47327823797923,-76.79502984721334,32.24735201725856,40.19498863266262,0,0,0,0,0,0,85.05454706292747,32.31525761755827,371.2409217365557,210.58010745295132
9,0.0824034297014674,24.491733321719284,585.4997338078683,34.102416139389945,-12.838503487488017,51.67296515927711,-76.43839167399531,30.734165474975956,38.053419019637936,0,0,0,0,0,0,76.22887945271738,32.191352608691105,382.39080164360337,248.0879807521786
10,0.13036056496741333,21.243930312935152,563.7926634860198,34.18794006091775,-13.037346783960086,51.889392163405425,-76.10859030383045,29.047971012307652,35.8738550034106,0,0,0,0,0,0,70.12379567956881,31.813562279071117,388.7110236994184,284.8681975667
11,0.17082289464972075,18.130797248356796,537.6446165773517,34.27343347721975,-13.229561155317462,52.10969775210491,-75.79730240153876,27.192625975733485,33.687436978222706,0,0,0,0,0,0,67.91185816956525,31.667749020307014,389.6868695767921,316.8786164315615
12,0.22038995282064444,15.18044774777764,509.0754529371674,34.360076550473025,-13.408134494997947,52.32084445701068,-75.49444185366231,25.191674292082816,31.52346388313195,0,0,0,0,0,0,69.97437977914005,32.10792206108044,385.2765002159909,340.66820280098875
13,0.2932413981885481,12.406428031988865,479.5777279398265,34.447445701385675,-13.568438222731855,52.509637573955985,-75.18794239391985,23.0850292223229,29.40834249421534,0,0,0,0,0,0,76.07055497274474,33.3341287862094,375.77478354365604,353.9048213574034
14,0.40027905974667527,9.811923538176211,449.87103916131286,34.533590631459404,-13.708893839079481,52.66280367084094,-74.86370446025676,20.92230246657736,27.365218319241933,0,0,0,0,0,0,85.55894010439836,35.3954187351955,361.75100329532785,355.83060195000513
15,0.5488839479472196,7.39541256238254,419.8716893118733,34.61534306568295,-13.831175201316835,52.76766922246822,-74.50615068714072,18.753596591614308,25.413455061383317,0,0,0,0,0,0,97.57181285163227,38.21085554806932,344.0791740746916,347.5452437806531
16,0.7429141691135289,5.156141782251665,388.8689025239545,34.688804924724025,-13.939917990962538,52.81359470635366,-74.09956984366828,16.619392374528463,23.567416771813406,0,0,0,0,0,0,111.09498497670785,41.59909443869463,323.9874046429216,331.928950436792
17,0.9826168881474048,3.098068386238431,355.8491731889434,34.749921707845445,-14.041941448128664,52.7937180849385,-73.63004998153008,14.542215308624355,21.834735893953013,0,0,0,0,0,0,124.9630517450954,45.30742251815139,303.01549300039943,313.0441713983356
18,1.264323305410669,1.231452476025943,319.88049705441614,34.795030203014704,-14.145057569867474,52.706196170614206,-73.08748621527646,12.523132012463105,20.214918592446548,0,0,0,0,0,0,137.82058237452105,49.037190989547085,282.8192397187837,295.06170828464735
19,1.5800155790850756,-0.42806625462009457,280.4609013875677,34.82129487751514,-14.256662919647328,52.55429276804201,-72.46704063318248,10.544961152852249,18.699268152355536,0,0,0,0,0,0,148.118806428803,52.468964154484404,264.85719999003766,281.03638837706114
20,1.9170517065173882,-1.8624563041473519,237.74743712788563,34.82698476191068,-14.382404437647676,52.34521658189644,-71.76958057444705,8.581569772368097,17.272639235078923,0,0,0,0,0,0,154.21506004387803,55.28905587645871,250.0671809635424,272.0074000520831
21,2.258494626497517,-3.05541702314675,192.6084662467752,34.811570469641964,-14.525194473697749,52.08817613135026,-71.00096346385072,6.610049594800223,15.91681921464732,0,0,0,0,0,0,154.61077323647672,57.21073854659437,238.64436183018435,266.7931053347584
22,2.5845219761396065,-3.996446422196979,146.48215671448034,34.77565033743234,-14.6847179706671,51.79239529633505,-70.17042771058688,4.621381889630784,14.614775013964094,0,0,0,0,0,0,148.29694346731208,57.98027631541855,229.98469301922782,262.5478016330175
23,2.875138175173542,-4.683692261885329,101.07547634888745,34.72074601932195,-14.857419905131984,51.46575591910601,-69.28861164366012,2.625960472966007,13.354800336571088,0,0,0,0,0,0,135.09507766312058,57.36981247613329,222.79565487093348,255.83473441628556
24,3.113831694623137,-5.1247835208290775,57.990010474717224,34.64902041244622,-15.036892774964443,51.11441837870662,-68.36571577483262,0.6524241304258642,12.13371899685997,0,0,0,0,0,0,115.84212859304155,55.18006767687936,215.33159142131277,243.81375211806068
25,3.291160221619263,-5.335476676484329,18.390397494985123,34.56296023803298,-15.214625060084224,50.743401265479434,-67.41005980226797,-1.2595503673591706,10.958602803725878,0,0,0,0,0,0,92.31810860336654,51.28392159108301,205.69252697591406,225.18365616720553
26,3.4069498350844967,-5.3366528853080455,-17.185434657703002,34.465051848771395,-15.38112841561784,50.35781887763517,-66.42697467782095,-3.0703879243982546,9.84680237662434,0,0,0,0,0,0,66.93216575318256,45.718978126166974,192.12782969848246,200.6676565108549
27,3.47015117552209,-5.150657014620327,-48.83657079728686,34.35748172636482,-15.527410934392826,49.96432614986841,-65.41787308441134,-4.752909668801953,8.82438402019815,0,0,0,0,0,0,42.27881816395326,38.7925547465668,173.29743443633083,172.9629779190369
28,3.4962550775396886,-4.797980782838735,-77.1639310870141,34.241919072091285,-15.646587788720254,49.57229716503943,-64.37953014666431,-6.302707088935683,7.923297884031742,0,0,0,0,0,0,20.69143056334899,31.131851964842962,148.45565018837453,146.1576107172655
29,3.5030665069028246,-4.2949396166130285,-103.0625185134103,34.119471602942845,-15.735240821554147,49.19436424550309,-63.30388468057463,-7.743532337034145,7.17777216809702,0,0,0,0,0,0,3.8822494996136063,23.62488562927918,117.53629224912527,124.70879118156378
30,3.5061591281789655,-3.652557503241669,-127.5064588493144,33.99090416161747,-15.794112106568592,48.846155681210384,-62.178758552976035,-9.125439761984818,6.620510103072652,0,0,0,0,0,0,-7.2772230689742825,17.248936902949666,81.1363105529157,112.21967085383807
31,3.5153396365299523,-2.876589708753932,-151.3628109170087,33.85713105335517,-15.827897647053435,48.5453158829524,-60.98966724289167,-10.515334493675923,6.279227171882655,0,0,0,0,0,0,-12.80438368359241,12.839225382384859,40.41490213894399,110.37862521860693
32,3.5330262206736482,-1.9684903573329455,-175.25254827850333,33.719846728281944,-15.844204263315978,48.31005989652298,-59.72247484504788,-11.982135822516891,6.173923319550737,0,0,0,0,0,0,-13.480655786906558,10.879029539162655,-3.063984099461171,118.41983291517907
33,3.5547984649629685,-0.9270328013025947,-199.47808621837942,33.58201512215386,-15.851985880330366,48.157535789135224,-58.36625961231389,-13.580725687157164,6.3151231601184215,0,0,0,0,0,0,-10.590329554670083,11.383317591157963,-47.52114087797285,133.27365403178084
34,3.5717497597113606,0.2498480546545141,-224.03448463717467,33.447887172363835,-15.85988006729521,48.10217440819261,-56.91558227833483,-15.339131608714188,6.70321311806316,0,0,0,0,0,0,-5.590251917042943,13.91057506637461,-91.1682330590735,150.29899873786502
35,3.573847420884366,1.5634964034362346,-248.69804339607097,33.32232993110473,-15.874818230163841,48.154115851469,-55.371473041813125,-17.25194851361976,7.32894667236665,0,0,0,0,0,0,0.20744977619433533,17.68888061446281,-132.4166724706877,164.307748125031
36,3.5533452074655587,3.0136365742703233,-273.151911604983,33.209522624342476,-15.901134550299089,48.31781937680179,-53.7408666991334,-19.28086656246925,8.175097860057402,0,0,0,0,0,0,5.857321489556097,21.80125193824787,-170.0657661881559,170.59105272783367
37,3.507381669881963,4.598195895585593,-297.0922717881295,33.11137664371822,-15.940211914878432,48.59106504202243,-52.03478114998823,-21.36142372906633,9.21907175426973,0,0,0,0,0,0,10.848063904933465,25.361171608671654,-203.4377183347717,165.7582255165865
38,3.4391766208046692,6.3135931073486935,-320.27722426754355,33.02619606074108,-15.990551743790261,48.964630572648254,-50.265984310018105,-23.414053395186986,10.436082755816546,0,0,0,0,0,0,15.010196038327207,27.631383609350156,-232.43319944976474,148.2802886112617
39,3.357615635016918,8.155119645507288,-342.5197768295715,32.948041345591385,-16.048108075934937,49.422906478813225,-48.446969491223676,-25.35697477082729,11.802404719646896,0,0,0,0,0,0,18.326488559605714,28.083074928550975,-257.502843836769,118.67238480709679
40,3.27540032570336,10.117160785507627,-363.65399080174177,32.86704000356841,-16.106792311429498,49.945580918443746,-46.588706247502806,-27.118432073172308,13.298242073023907,0,0,0,0,0,0,20.75154369571165,26.425463663677032,-279.5502139773219,79.30027019301457
41,3.2062856458194506,12.193201123271747,-383.49955265087385,32.77059126138083,-16.159152532875126,50.51027048253393,-44.700087645859504,-28.646261970233663,14.909895960557618,0,0,0,0,0,0,22.136184205879232,22.63407919820136,-299.78473488857213,33.87009565967924
42,3.16217004226368,14.375644299741023,-401.8254844469275,32.64514285945574,-16.19725136680146,51.095646672806616,-42.78764325899797,-29.913576859857717,16.630986223167323,0,0,0,0,0,0,22.290603442305013,16.97739232163933,-319.5353638838829,-13.269302591751515
43,3.1508530829523163,16.65540612251584,-418.2975090926733,32.478100705566895,-16.213679590481167,51.68439317346907,-40.85516895046321,-30.920219174650434,18.46253412303123,0,0,0,0,0,0,21.142859248434412,10.015588245143743,-340.0378277724683,-57.84774133396107
44,3.175043507068391,19.02114568638266,-432.4064700087516,32.25952029967129,-16.202535521754132,52.26539061701806,-38.90331793782826,-31.69035992627139,20.41181911927855,0,0,0,0,0,0,18.898463407440776,2.5442924630645156,-362.2252634259967,-96.28288228470345
45,3.232738334181007,21.4580679574621,-443.4112066680811,31.98342802793862,-16.1601808331886,52.83481147877121,-36.929537146460376,-32.26698879813965,22.49014927362888,0,0,0,0,0,0,16.106620740697906,-4.522570650001173,-386.5656109200218,-126.1219787758295
46,3.318614887056079,23.94653194068294,-450.3576754025264,31.648768564715528,-16.085664428980554,53.39611108743147,-34.9287543499681,-32.70407394369291,24.709935469385027,0,0,0,0,0,0,13.585484269671573,-10.310434399658371,-412.97915815893674,-146.32007804162316
47,3.4258196390302307,26.461079468470768,-452.22323908134615,31.259984686572093,-15.98080925614767,53.95908053577725,-32.89496329398068,-33.05723240076917,27.081570046591168,0,0,0,0,0,0,12.226498508296135,-14.14458254872423,-440.8367918663239,-157.3392499465166
48,3.5475803236805996,28.97065730618603,-448.1741418897894,30.8271464410518,-15.85001348130205,54.53818989908286,-30.82354655078108,-33.374175663268765,29.610495493888426,0,0,0,0,0,0,12.751894412861954,-15.671716635383971,-469.0077742422237,-161.00357114562544
49,3.6782999222911203,31.44051209337502,-437.84930808075006,30.36547757370818,-15.69981927037211,55.1504692428715,-28.714003608229536,-33.686730531756744,32.294611052075346,0,0,0,0,0,0,15.514584377228,-14.91120860748807,-495.924413350538,-160.0639901947456
50,3.814045192448783,33.83556610862083,-421.5488508811669,29.894176652141713,-15.538272345189883,55.81319036143129,-26.572711950945,-34.006250365208565,35.12204122706959,0,0,0,0,0,0,20.404564786613868,-12.228041264070658,-519.6640402833441,-157.54025214547548
51,3.9525345343047484,36.12440367318001,-400.240656311741,29.43457364259592,-15.374060754373366,56.541596026149634,-24.415299029168164,-34.32341418215062,38.06942545964767,0,0,0,0,0,0,26.88106074809704,-8.246279291109063,-538.0854224911104,-156.03014738643955
52,4.092864627266508,38.282715172791626,-375.3812878324905,29.00778142131202,-15.215419421446041,57.34684842306314,-22.268050431410185,-34.61212470049535,41.101174373228,0,0,0,0,0,0,34.110071720362406,-3.73717261595921,-549.0605662325237,-157.20667742996997
53,4.235292317848923,40.29528853633792,-348.62397957676285,28.63204350067151,-15.068852864656868,58.23429257343997,-20.167633893845867,-34.83615152210116,44.17031489986107,0,0,0,0,0,0,41.16532047379369,0.48825553216201406,-550.8069282223275,-161.63820672496425
54,4.381363401408877,42.15620530589582,-321.51456514901577,28.320023932435323,-14.937854725211109,59.20214888612907,-18.158520016155364,-34.95674607622346,47.2214310345043,0,0,0,0,0,0,47.245049249223996,3.6702645789960413,-542.2730961347263,-168.929232036258
55,4.534510629979758,43.86745201959968,-295.2528410444281,28.07640832973545,-14.821933074937318,60.240863839999754,-16.287945821499154,-34.93964245230056,50.19580239344419,0,0,0,0,0,0,51.859398272941334,5.182493966782721,-523.4916238848037,-178.07071825008867
56,4.700939524322313,45.43646390383708,-270.5511620594013,27.89633187539521,-14.716314068834455,61.3334532990664,-14.598949104889265,-34.76038512887483,53.03828462291961,0,0,0,0,0,0,54.94728687162184,4.62183242096108,-495.8000575433797,-187.84857110771267
57,4.890277792882515,46.87316349687353,-247.58884532966715,27.765192566659685,-14.612631210345397,62.45715022238264,-13.122627756677131,-34.407519799211734,55.704927119015125,0,0,0,0,0,0,56.88942657684349,1.913880902031492,-461.84492360315414,-197.18260763620805
58,5.115272096557525,48.18699535467207,-226.0551689521079,27.660240899225077,-14.500673619444106,63.58643644739622,-11.871155798148239,-33.88363887492834,58.16991829920211,0,0,0,0,0,0,58.402697482505125,-2.585192995448113,-425.3186033796784,-205.32885974552406
59,5.389977132040213,49.38444050320861,-205.2817114667471,27.553920319449063,-14.370896876919344,64.69708669648251,-10.833139860763808,-33.20450318589868,60.43029338925764,0,0,0,0,0,0,60.33540685710366,-8.038623189341347,-390.432254756148,-211.94099058024133
60,5.7264535589157735,50.46752102638755,-184.45966945279585,27.418362493952102,-14.217046097165248,65.77033468805546,-9.97261335128239,-32.39653020828563,62.507028011942985,0,0,0,0,0,0,63.42656072174102,-13.185675992723835,-361.19634942240344,-217.0293581763037
61,6.130795035064825,51.43372964256942,-162.9070755631074,27.229980561745688,-14.038111368160822,66.79598478306977,-9.23235252591579,-31.49295851568767,64.44174674381192,0,0,0,0,0,0,68.12396434951083,-16.53270320128833,-340.6551574677298,-220.8775284286518
62,6.599982801403109,52.27750382582086,-140.31129732714018,26.973017689544083,-13.839032071361503,67.77345809398246,-8.541289071483256,-30.52902547926797,66.2892977261097,0,0,0,0,0,0,74.5475336341286,-16.65726160515301,-330.27715398667686,-223.97977646236075
63,7.121221312974074,52.992849615567536,-116.85802676660371,26.641253467053822,-13.629987051456496,68.71034284855908,-7.8247324820615285,-29.5365609087314,68.1076732214,0,0,0,0,0,0,82.62284350786537,-12.555940826586843,-329.6956367975795,-227.03964289906767
64,7.674789679518596,53.576248388070596,-93.19112772050929,26.23766242140313,-13.424533104037492,69.61878804379424,-7.015280536942973,-28.538559960304344,69.9476945941013,0,0,0,0,0,0,92.31852861698813,-3.938963395832943,-336.891333603322,-231.01058394573522
65,8.240153753914523,54.028834335071174,-70.21697366642967,25.772378416114048,-13.23712146470494,70.5107924202191,-6.0621592926579995,-27.5445761486333,71.84496615427466,0,0,0,0,0,0,103.85350852841889,8.622134678241821,-348.74188751597626,-237.0925586178785
66,8.803650200759023,54.357128370264824,-48.834311356070906,25.259651004383546,-13.080602963651202,71.39390268367637,-4.937449925648302,-26.548025505169825,73.81567885372351,0,0,0,0,0,0,117.7471030909683,23.752666259975936,-361.7256622494443,-246.58513735304265
67,9.365198247274625,54.57221770931003,-29.69849960322075,24.71455323369558,-12.96427189891559,72.26885484938904,-3.6387993861312298,-25.526401395267186,75.8563973544389,0,0,0,0,0,0,134.67223006669127,39.542185155833636,-372.545737332621,-260.57883749921706
68,9.941674692789412,54.687876937099674,-13.104771209010448,24.15009580172775,-12.892828829521665,73.13011934781176,-2.1890189493442547,-24.444722829540726,77.94679945925917,0,0,0,0,0,0,155.1843748595173,53.96710191866662,-378.53871767526505,-279.6014308629894
69,10.565683943281208,54.71845946377675,0.9828912587548444,23.57521149029971,-12.866383676756664,73.96922377839691,-0.6329977706272089,-23.26142944156058,80.05398985385567,0,0,0,0,0,0,179.46160924826273,65.37222818000747,-377.87314706808723,-303.4152589614422
70,11.27991334051513,54.677347678180794,12.789539771887096,22.99383159475151,-12.881326830033743,74.77954620357133,0.9681337751542134,-21.93500034525942,82.13741035259481,0,0,0,0,0,0,207.16995794106907,72.89593637811785,-369.6281807281647,-331.098857772838
71,12.12851733705237,54.57642810905109,22.54041229926007,22.40498247228716,-12.931663039686557,75.56058010486994,2.5458915006706255,-20.42947099424648,84.15398594553245,0,0,0,0,0,0,237.49304674299705,76.72981497680178,-353.8313338841828,-361.3719287962224
72,13.147702314115941,54.42663588357016,30.29706458475098,21.803554325072323,-13.010322196388987,76.31986624142272,4.0360396414089,-18.717851781366196,86.06342066781112,0,0,0,0,0,0,269.2911115777176,78.13484625509791,-331.4553890990235,-392.9746393678549
73,14.357802293056261,54.23923902899303,35.8751861017168,21.181305542803763,-13.110056036738337,77.07180097904262,5.391157421498116,-16.783561509752072,87.8332966375677,0,0,0,0,0,0,301.31796034107293,79.18852238525048,-304.3044299899099,-424.90978134091444
74,15.758705843242074,54.02727969053774,38.87626751757345,20.52785960677466,-13.223734051095702,77.83384518080818,6.591052747456619,-14.620552329669046,89.44311788568379,0,0,0,0,0,0,332.42674994714184,82.30208556396914,-274.7206044353061,-456.4830728583612
75,17.32966847707426,53.80649024336276,38.83459068971186,19.83175977328059,-13.344064956665878,78.62161743436718,7.6476167964637565,-12.232623764673615,90.88619153850081,0,0,0,0,0,0,361.719707955623,89.61111344668349,-245.12008991212218,-487.2072827402424
76,19.03353284506535,53.595090296937215,35.44613929855734,19.081749922428976,-13.46293173940398,79.44456620948299,8.602006064113892,-9.632027570041767,92.16857447530691,0,0,0,0,0,0,388.6278871833524,102.38878425683217,-217.462610407473,-516.6732940279048
77,20.82441818839094,53.4121572436368,28.814448642699617,18.268222740146815,-13.570629357886506,80.3034275128765,9.514477917619034,-6.837407048630999,93.30512262584426,0,0,0,0,0,0,412.93341244483645,120.64079383067998,-192.8069779525222,-544.4503655880245
78,22.65722336642973,53.274698941278174,19.631634586130236,17.38444420690689,-13.655338309307089,81.18987544833908,10.449647966929557,-3.8713921615898204,94.31354717885635,0,0,0,0,0,0,434.7555853089367,143.0042864913825,-171.08106603653394,-570.0310252580214
79,24.49689107807835,53.19402795030896,9.219982434966782,16.42705499356385,-13.703142090986034,82.08810892622726,11.4612703329869,-0.7583924423241111,95.20792734794779,0,0,0,0,0,0,454.5088008880556,166.99808134561965,-151.1241165515699,-592.8210022706896
80,26.325326405275597,53.17239199153396,-0.6066199850942912,15.395566340277464,-13.698767530585062,82.97780142639203,12.580453984803786,2.47696339729747,95.99322226762885,0,0,0,0,0,0,472.8224466976427,189.57966520984266,-130.98151108007423,-612.1785300096592
81,28.144232897740412,53.2009074628367,-7.84755283268616,14.290964759618728,-13.626963346930406,83.83774567449635,13.809872896443359,5.810633675363626,96.66201693815968,0,0,0,0,0,0,490.4162778051218,207.88152274263433,-108.36734751001141,-627.5082106645408
82,29.972992549297345,53.25958995882774,-10.716266820555065,13.113914313010175,-13.474086140648247,84.64941356175221,15.124684218909414,9.219486467973924,97.19411911710208,0,0,0,0,0,0,507.9484105490687,219.9495296031715,-81.16698072647137,-638.4039761273061
83,31.841906364353864,53.319741328247154,-8.034942121873621,11.863244244532114,-13.229217901777602,85.39952216440601,16.479160571495,12.681631314405603,97.55884018724767,0,0,0,0,0,0,525.8695772356549,225.30801688302694,-47.84637240527226,-644.8175672533795
84,33.78219556031187,53.348352764311784,0.47023036445065697,10.535361248604303,-12.884207698357072,86.0808015620384,17.816940673264398,16.177234672372723,97.71911236593434,0,0,0,0,0,0,544.3086687655696,225.23126834928863,-7.679372802102269,-647.2190964831152
85,35.81472532236668,53.31375270069176,14.028069244612798,9.124974824365465,-12.432460501343574,86.69067591472056,19.082546924526227,19.69012749037795,97.63629229632245,0,0,0,0,0,0,562.9928562311867,222.6827397619479,39.222016885325054,-646.7269435565962
86,37.93939664632417,53.191556629795414,30.850657746932022,7.62718977888863,-11.866891424198718,87.22836902056677,20.23223906268067,23.210358622472302,97.27462932821882,0,0,0,0,0,0,581.1946646026869,221.94812285139255,92.02865515893868,-645.2020994598091
87,40.126870555346116,52.969988693550945,48.32308895719217,6.040696188165428,-11.177904719923758,87.69167735513906,21.242837148880497,26.737732100122876,96.60474239037738,0,0,0,0,0,0,597.7104232658129,228.0150890397979,149.39792716012713,-645.3006279390801
88,42.3140854145747,52.653721148603005,63.34104072006287,4.3715222762981645,-10.352312692926034,88.0749385304849,22.117410746271265,30.286173433801746,95.60583525345059,0,0,0,0,0,0,610.9053299580958,245.76433883681668,209.69585546514924,-650.4515990360368
89,44.4049343913946,52.26545111015852,72.78037886746621,2.6366256102732364,-9.37376199798772,88.3693533037542,22.886754473715822,33.888403042372595,94.26670606843476,0,0,0,0,0,0,618.8894015734429,279.07210849571885,271.1834847386382,-664.6959128843814
90,46.27718048350905,51.84453088602523,74.06598658448979,0.8664638360030458,-8.224657118307888,88.56592884954185,23.60581139402354,37.5998681227782,92.58588927947388,0,0,0,0,0,0,619.8784812384824,329.9836409114339,332.11894782935036,-692.3103718494474
91,47.795829358545355,51.442230869931144,65.7612384622642,-0.8943555141781782,-6.889031900025211,88.66033916892799,24.34501295310133,41.500365799896024,90.57153398134504,0,0,0,0,0,0,612.7162942895839,398.1518069006566,390.7300740190524,-737.178165852852
92,48.83167292237031,51.11382280420264,48.038508513550575,-2.58900578335337,-5.355559927965311,88.65837081165009,25.17774013566774,45.69163204033895,88.24186198993209,0,0,0,0,0,0,597.4121014513308,480.6993022880063,445.02633588327217,-801.96151933406
93,49.28195106148226,50.90861577864724,22.86142874078626,-4.1529390109671835,-3.619992951338255,88.58048313072399,26.16625349469716,50.289707442730595,85.6271516947983,0,0,0,0,0,0,575.4659736284888,572.5622979595537,492.4618827606737,-887.2463902196016
94,49.08878894081938,50.86001760765453,-6.243754940831975,-5.520057951958727,-1.6866478972756218,88.4642788230164,27.348979385827292,55.41207937030954,82.77394846156363,0,0,0,0,0,0,549.7858656877729,667.2532837578204,529.5384113312126,-990.8929554528895
95,48.25095547515235,50.978119332195284,-34.82506954228057,-6.629101743826748,0.43109537628496153,88.36419936918399,28.731735845480177,61.16099416100689,79.75144708840565,0,0,0,0,0,0,524.1491688271548,757.881578001742,551.5200979786748,-1107.8028099595244
96,46.825837091146006,51.246844801556776,-58.39417050251621,-7.428848281954595,2.711124964762914,88.34834954357636,30.28438188975268,67.6054640216294,76.65882300844746,0,0,0,0,0,0,502.3501014476226,838.2120118333888,552.4723371137562,-1230.2274791924563
97,44.920977780139,51.62642707998444,-73.3132473224553,-7.88129769503025,5.123549396435707,88.49284130183409,31.942799298744635,74.76513944594109,73.63110530044624,0,0,0,0,0,0,487.3042249240267,903.5393158030522,525.7940983875475,-1348.6356303011712
98,42.677230523350374,52.06041525742757,-77.43723911764958,-7.962685122142579,7.632084482723279,88.87434761030623,33.61464964631628,82.59933739683967,70.84049629049161,0,0,0,0,0,0,480.3945449006091,951.2141549431859,465.2937114354639,-1453.0496514897986
99,40.247540729594476,52.485280034439675,-70.37645764547193,-7.662679352650805,10.19568977453907,89.5616953094325,35.1866645873942,91.00406884078514,68.49020404951084,0,0,0,0,0,0,481.248409483439,980.7584394060935,366.7011203696636,-1534.6560100267184
100,37.77606245943704,52.840325938128025,-53.37386256599264,-6.982373636074472,12.77023646185315,90.60736852439925,36.53169751518845,99.81880833351978,66.79891090072438,0,0,0,0,0,0,487.9819635252278,993.6098185749729,229.368945729353,-1587.3927831478784
101,35.381670878053754,53.07591907207926,-28.884665175970234,-5.931733868809145,15.309965946140512,92.039786057414,37.51510537402394,108.8429903759276,65.97572116638715,0,0,0,0,0,0,497.7978553665605,992.5997885486279,57.825657172683734,-1609.1506896179978
102,33.148379352418566,53.158715119500066,0.007295107409851703,-4.52711677704846,17.768550916638453,93.85717253511011,38.001395082515685,117.86004727805938,66.18746928664198,0,0,0,0,0,0,507.7221899694079,981.2906600227038,-137.18503632447852,-1602.2277053994358
103,31.123262112449694,53.073391235849094,30.192672350834076,-2.7893378566503007,20.09972644475253,96.02378038328598,37.86265194398109,126.66466414475693,67.52230593940747,0,0,0,0,0,0,515.2504584581424,963.2948422995591,-338.5171810974194,-1572.7661029685437
104,29.320747095933708,52.821164014078036,59.03875836640217,-0.742562868342206,22.257680463720806,98.46916469350171,36.98982864844987,135.0872772821394,69.95520792905938,0,0,0,0,0,0,518.7385873666022,941.6921034745976,-523.5372025143746,-1529.0662590034588
105,27.730966002676315,52.41593678728751,84.71955922046605,1.5859683473852677,24.197583929816705,101.0911619745655,35.30681161525359,143.00911783239084,73.32209436582994,0,0,0,0,0,0,517.4870343648713,918.6406771399504,-666.2300095196189,-1478.9058838308038
106,26.32944135674939,51.87914974954821,106.35963261325271,4.165649077666614,25.87668445936312,103.76310867480332,32.78574297175543,150.36177863016613,77.30917211855196,0,0,0,0,0,0,511.5693276351889,895.2330852691283,-740.3755151065665,-1426.2835251967226
107,25.08574696418437,51.23433404133975,124.01815536776955,6.96209374473386,27.256224288253843,106.34550845519018,29.460719491499525,157.10775831331765,81.46278789520768,0,0,0,0,0,0,501.51363078252194,871.5829101769968,-723.4630707408415,-1368.2958406172825
108,23.969670897497686,50.50214764127923,138.5518992804034,9.937080620372539,28.304136790865844,108.70162040017695,25.436052345808825,163.20267114922834,85.22259730549347,0,0,0,0,0,0,487.9530807577295,847.0720670676051,-600.8429659431827,-1293.0410266942292
109,22.954474099255194,49.69646232155705,151.38668321093948,13.049170511595966,28.998181035903595,110.71523169284357,20.885167039223212,168.54506646055515,87.97759663000862,0,0,0,0,0,0,471.33766301751723,820.6654667308857,-369.4903464063419,-1179.4141627771348
110,22.01771545835721,48.82195094976149,164.21583480283493,16.255040924265824,29.329016018257036,112.30752112636765,16.037299065228844,172.92486026083026,89.14072215362239,0,0,0,0,0,0,451.7665025762308,791.21342154386,-40.66784056433597,-999.4013294003455
111,21.140595541113278,47.87354131157043,178.64868707248343,19.51127229358564,29.302696305012244,113.4490844310785,11.15140855160664,175.98501555487698,88.23354342542356,0,0,0,0,0,0,428.9636991374485,757.693479869321,359.24529881968493,-723.038666290466
112,20.306842786700678,46.83793322756666,195.85465727209393,22.776137005914045,28.942108843460336,114.16348573305079,6.479781891173959,177.21226796221822,84.96867418497614,0,0,0,0,0,0,402.3888347734714,719.3759431456804,790.3629590543524,-325.63710014265257
113,19.501931364015423,45.697039401458085,216.27300265547308,26.010957233418946,28.286919383698727,114.52026622433193,2.226926882747493,175.97041110440958,79.3149387410978,0,0,0,0,0,0,371.45079161130644,675.9276543001818,1203.6228302642148,203.77470695451456
114,18.71298546185957,44.432763247365685,239.46164190770097,29.18079025065206,27.391680978191065,114.61780842313918,-1.4882004924613956,171.5831291549599,71.53019626347962,0,0,0,0,0,0,335.780801448357,627.4942086451858,1547.6091494704074,854.4896741057587
115,17.929193609876997,43.03214900490919,264.12932216584875,32.25446398724218,26.321921022217023,114.55914181466225,-4.657745746187902,163.4624407607642,62.14988853249228,0,0,0,0,0,0,295.510100413063,574.8058567926549,1777.0108970601523,1588.8376552190123
116,17.14209264368323,41.49181223452096,288.3452020424014,35.2041947911454,25.14827664714185,114.42594437777203,-7.390835112102335,151.264699200409,51.926103975827424,0,0,0,0,0,0,251.4831651918815,519.3204441888562,1861.240410906852,2341.8536762159238
117,16.344892200002256,39.820737862462536,309.87316137718466,38.00509848657517,23.939054819266293,114.25702265720902,-9.896181323868504,135.0419282926966,41.72170249670693,0,0,0,0,0,0,205.32845485106796,463.3564108192755,1791.2935449461893,3027.568845908949
118,15.530253654746774,38.04092834042709,326.55342915769177,40.634879710430866,22.751911985520614,114.03700221473414,-12.44327097980182,115.34716041946297,32.37537692613799,0,0,0,0,0,0,159.32827776738685,410.11686194962226,1582.851650077158,3552.1179379933774
119,14.686626743772129,36.185846717816204,336.6538919261034,43.07393641120484,21.625675710414235,113.69864371557229,-15.30959196571685,93.25421604565719,24.563916710039727,0,0,0,0,0,0,116.09078373412996,363.50036744942867,1274.1247214546552,3831.6609991186483
120,13.794173301437054,34.29701172707711,339.12898547622666,45.30607968394131,20.573660372702275,113.13846529206829,-18.725331379236263,70.26879973645411,18.693574350256476,0,0,0,0,0,0,78.10663517217507,327.64754846398324,918.1679269910001,3810.898865778512
121,12.82202755237872,32.41940948928582,333.74627931940546,47.31998714467173,19.58004179083684,112.2413785736878,-22.827772997864926,48.136784634557095,14.849121563454617,0,0,0,0,0,0,47.320369523247756,306.2641632727996,571.1868328003326,3476.8883338399223
122,11.728667683221635,30.596566721643228,321.0673635325981,49.111305374761045,18.6007034368215,110.9074948523113,-27.634851024985146,28.587181181526613,12.81520860010081,0,0,0,0,0,0,24.830574096774434,301.8539343950574,279.9869092734425,2863.862928894999
123,10.466306881714768,28.866145129036386,302.30167706865353,50.68498589651251,17.569238822248593,109.07419130180348,-33.04224318579882,13.067773522223222,12.163520932435532,0,0,0,0,0,0,10.772928302769898,315.05330120938214,72.32938557983063,2047.623774813685
124,8.988763337251806,27.256726793582043,279.08185670068656,52.05708144879637,16.40756010966694,106.72863451634318,-38.84309339193173,2.5321197990013466,12.37902175373965,0,0,0,0,0,0,4.381772973659156,344.2632918776781,-46.93091542730162,1131.3461856668969
125,7.260899156748783,25.786121627746585,253.21981296446225,53.25504882234926,15.039240684183284,103.9089876930305,-44.76533310832488,-2.680306517355525,12.987651090370765,0,0,0,0,0,0,4.193445071785844,385.71373207118074,-93.10139216494137,226.79371385589133
126,5.267027290955981,24.461201403534503,226.48841611425365,54.31580722918507,13.402856131630289,100.69536055260778,-50.518877184494244,-2.8540755942229694,13.650434527971349,0,0,0,0,0,0,8.340079734078413,433.9842881286649,-93.77800516098286,-564.6021158387076
127,3.0159219489499463,23.279064505259818,200.4507866604845,55.28142249092343,11.462542078261377,97.1937032204498,-55.843611306752535,1.1948257918901781,14.203253105352537,0,0,0,0,0,0,14.873690984869334,482.8779397930122,-78.88861596325475,-1167.0620699761275
128,0.5411031159683083,22.229232527774514,176.34548615358463,56.19310426434518,9.213766982672405,93.51709800293042,-60.54926966678411,8.288210405745012,14.641061556082462,0,0,0,0,0,0,22.058584285846234,526.4403186128603,-71.97223440190817,-1539.6664119542977
129,-2.1035119453082025,21.296494421080766,155.03172182452028,57.08484477845897,6.683614062662327,89.76902259731693,-64.54028362665757,17.093679383711184,15.062282507643667,0,0,0,0,0,0,28.58097774824891,559.8815972908114,-85.06206153777316,-1678.357082078579
130,-4.851227402833341,20.463926716793637,136.99419560062742,57.978197452262194,3.926205805582322,86.03202962057397,-67.82222074063816,26.329986619496843,15.597864067229473,0,0,0,0,0,0,33.64592067990384,580.1979667230208,-117.95393278196413,-1611.202553544362
131,-7.631421079735212,19.715573043816228,122.39661505523176,58.87933193546084,1.0148609348159663,82.36326698723417,-70.49063626826141,34.934054558395935,16.348720374561204,0,0,0,0,0,0,36.95608153672892,586.3860762805406,-161.14360238875574,-1388.8139587791045
132,-10.377669775310597,19.038319957399448,111.15806606731736,59.77879275808615,-1.9670604169741994,78.79614161453942,-72.70683528043394,42.16706184291482,17.347437008762753,0,0,0,0,0,0,38.591011095950584,579.2572854281409,-200.79945174578398,-1072.5919852431743
133,-13.033835186795423,18.422688873862754,103.01481850243947,60.65365719825866,-4.934859192302264,75.34598583347982,-74.66720167498319,47.652797172564036,18.54944203836475,0,0,0,0,0,0,38.830382552990244,560.9545826488527,-223.93550769599744,-723.4057295130665
134,-15.557644737714174,17.86255048458262,97.53118077798825,61.47133298013328,-7.8095692183683685,72.01715882498478,-76.57294906358898,51.35494853952867,19.849259021770788,0,0,0,0,0,0,37.98802234033959,534.3329849727211,-222.32810182645423,-392.6070748106119
135,-17.9220035388824,17.354071328390827,94.04347544602106,62.19416557982985,-10.522998854022507,68.80940585479514,-78.60559506347624,53.50879233271452,21.111506474206717,0,0,0,0,0,0,36.32947140878806,502.37283064842245,-194.4189541596143,-116.41055365918342
136,-20.11465873939837,16.894398355289354,91.55938433764162,62.784226349459445,-13.021072135825294,65.7220396577648,-80.91089119478319,54.5268326755559,22.204842739715048,0,0,0,0,0,0,34.1137228427147,467.7511541277866,-145.18250131554015,86.1157410110409
137,-22.136904110284178,16.480573550010565,88.67711845792729,63.20792599095745,-15.266208853662508,62.75525130353956,-83.59132204059134,54.89807214653148,23.029372951334302,0,0,0,0,0,0,31.730754743986985,432.61431860238076,-84.46493256760935,211.84567158955903
138,-24.00186175136272,16.10893481724867,83.61187084960176,63.44028626894901,-17.239406733212792,59.908547871893376,-86.7054276110496,55.09753652416477,23.532339933428474,0,0,0,0,0,0,29.836578448273986,398.51272930141647,-24.508003056292477,270.062108880334
139,-25.732645939860173,15.77491837640761,74.39862888972517,63.46872752635591,-18.942198397039732,57.177036372178115,-90.27145493013572,55.517412176063154,23.711208848225315,0,0,0,0,0,0,29.366178569613556,366.41637825980627,22.697981716365327,277.743522517775
140,-27.360506026971905,15.472940799279584,59.27535329343154,63.29608850692234,-20.398038153261837,54.54696874245497,-94.27305804361612,56.425115230368306,23.60627007107964,0,0,0,0,0,0,31.35686780702752,336.7440150235526,47.764815466568265,254.79165515969592
141,-28.922882052006777,15.19608144895343,37.161005909475044,62.942377985577636,-21.65225111905748,51.99235957997216,-98.66547642305342,57.94832139510318,23.286472567888545,0,0,0,0,0,0,36.61821657656142,309.3890960584711,45.633323966640994,220.04491748371953
142,-30.461148517886578,14.935608585318437,8.071984919229887,62.44463220875418,-22.76961889723075,49.4743378594849,-103.38135480988164,60.083352678618304,22.832805208472095,0,0,0,0,0,0,45.38077557137119,283.7717112446305,16.43053964185772,188.5442182953194
143,-32.01766371472982,14.680780930103536,-26.69096666144914,61.85437313002103,-23.828949941022458,46.944231888562996,-108.33587448288561,62.721278651131286,22.32341520035458,0,0,0,0,0,0,57.086814455715114,258.95599495129454,-34.688009032969184,170.19042729190687
144,-33.63169201774615,14.419501814960833,-64.69063700130607,61.232559513725214,-24.914471802613008,44.35050479980531,-113.43115044953909,65.68501672963596,21.823619693550164,0,0,0,0,0,0,70.4349393943282,233.84714519325257,-98.6786948228009,169.69671779873048
