Time,Hip/Shoulder Separation,Elbow Flexion,Shoulder External Rotaion,Shoulder Horizontal Abduction,Shoulder Abduction,Lead Leg Knee Flexion,Lead Leg Knee Extension Angular Velocity,Trunk Forward Tilt,Trunk Lateral Tilt,Pelvis Angular Velocity,Torso Angular Velocity,Elbow Angular Velocity,Shoulder Angular Velocity
0,6.334579675064757,128.38099119684836,40.74736963775205,-56.81285584276584,23.200784079206002,9.17701940755295,59.62819447974189,5.666515263398595,-3.637032386180292,-7.018381395633123,-9.457161826389695,-3.515331028578222,-27.291799906923703
1,6.223182433362601,128.0691668502479,41.25512812231239,-56.98210255490928,23.36317689094868,8.952070942084612,46.63098759966384,5.740822730452385,-3.6194735132860854,-2.2550902158058648,-5.122176247750672,12.525963383929264,-25.836407874998237
2,6.127930344735505,127.76072656904249,41.699802725992114,-57.124948069026274,23.51790297261339,8.741843181023059,34.25659099022524,5.807596187899386,-3.6037983397874487,2.1505434068305993,-1.7790241545543564,27.379865779624982,-22.738095083354924
3,6.063199973254234,127.45956478391743,42.0400914996321,-57.227951914823194,23.654327073925806,8.560389345242294,23.08541948727373,5.861266512736895,-3.592380339176773,5.883104491523829,-0.04948800666940129,39.727114625885584,-17.408193340640764
4,6.039818101498396,127.167803188853,42.25292131055896,-57.28673093471411,23.764098922330525,8.418018936464787,13.469139594960616,5.899080435746394,-3.5870556323686533,8.858639250964636,-0.19519473024544165,48.78973532935525,-10.05206683984673
5,6.064297545029058,126.88565946490495,42.33815365199741,-57.30765111464223,23.841582970721806,8.320539703523828,5.499324608802047,5.92155542425131,-3.5888878355975584,11.243615725108267,-2.08011682414071,54.37063549566891,-1.656394958502415
6,6.138999789360932,126.61195167159622,42.31876952335832,-57.3070622960293,23.88369611112135,8.269448515405077,-0.9528286996624711,5.932084949014106,-3.5980651023728645,13.399775635150887,-5.233963293582961,56.72650574374539,6.291485697695082
7,6.26290822341548,126.34519347107533,42.235891004357335,-57.30779608374996,23.889359438193924,8.262683628815608,-6.13014621507157,5.935852779989667,-3.6139106152407847,15.760310330614974,-8.983052050129407,56.3600623196779,12.248683904386551
8,6.432510782419239,126.08493010712796,42.13942143226635,-57.33350083454213,23.8589563880966,8.295444627385518,-10.25105248936592,5.938397935546775,-3.634942193268228,18.666517101323613,-12.604391037773619,53.83373956122022,15.07677167010677
9,6.642351893595967,125.83276335801617,42.07632529424422,-57.402097072936705,23.794206559183223,8.360746507516941,-13.393004631091005,5.944215936904381,-3.6589208846843078,22.213456252000928,-15.46429091087612,49.670537527014396,14.38606968320741
10,6.88506634671419,125.59258195479768,42.07907032210676,-57.519855780670724,23.698729654049203,8.44967141377611,-15.445097421298723,5.955746006967777,-3.682895640221824,26.157610513390974,-17.116012815713553,44.34764522001302,10.690330494152168
11,7.151024430036716,125.36982724829237,42.15650789473028,-57.67735378370987,23.57933624029207,8.551528057982031,-16.147799078230136,5.973000695017036,-3.7033305306041617,29.92527210685245,-17.347938222445887,38.34512585775754,5.356618180616033
12,7.427997704637018,125.16997589232176,42.28883385103534,-57.84812081113726,23.447761763127243,8.654210141259703,-15.203718014792997,5.993895709960293,-3.7164173069832516,32.73197484441406,-16.19115723496736,32.20579402606455,0.3775269603957049
13,7.70140777848051,124.9966156612522,42.4275997132335,-57.99041626954945,23.322233979879087,8.74496871373639,-12.42136550340379,6.015069660159797,-3.718601916951403,33.78907154730206,-13.902642330735889,26.57659548159492,-1.9837701703653028
14,7.955616383188468,124.84954172531742,42.50110936778467,-58.05224105217848,23.228081119014814,8.811656480660664,-7.847423640499639,6.03281288351021,-3.7072396291571112,32.54180017977317,-10.928687505523058,22.204388054578626,0.380251436618707
15,8.176270239444706,124.72338158175467,42.42477109817948,-57.97913527200835,23.196655843523082,8.844321821814262,-1.844693639951504,6.043771529278528,-3.6812218667036936,28.862731920582426,-7.833722971319231,19.847616439931258,8.97527883179925
16,8.353063967584047,124.6074068698194,42.114982718567425,-57.723440266772,23.262163177857662,8.836837516513237,4.920009567517774,6.045285377367156,-3.641419848729116,23.127149749053487,-5.178695890885543,20.07705160555087,24.295832372345377
17,8.481819829663399,124.48715704558562,41.50413851975078,-57.25292430170164,23.456481352890393,8.788085541846419,11.592213458664109,6.035384140034198,-3.590826107897856,16.132783535643846,-3.364465156035724,23.002747994704436,45.53838296535341
18,8.564900170919524,124.34797961955923,40.55379864117642,-56.5566240853516,23.802697334927466,8.702210371452146,17.324181059356683,6.012531400977817,-3.534304350508189,8.888065610231617,-2.4975552623074173,28.05115828269779,70.55137512085079
19,8.60969498689439,124.17964288427353,39.263272396384906,-55.64665367208496,24.308718046669785,8.587703729320262,21.479042014955873,5.975229843441881,-3.477897679246282,2.3496894614994006,-2.3481442835915427,33.94977221669708,96.1127515641083
20,8.6258378642451,123.98033212753963,37.67186787136012,-54.55612098156744,24.962691612827726,8.45553293418678,23.761652682051842,5.921653961537533,-3.4277382798523113,-2.7913361486512325,-2.434260777908557,39.00405879463498,118.52109039750668
21,8.622350501625881,123.75824033102373,35.85460372912001,-53.33442333134044,25.73177684121111,8.316946645976465,24.22283709809342,5.849525104530405,-3.3887493027507145,-6.204756822690713,-2.2031288754187797,41.60150378845422,134.34723214938376
22,8.605828377276884,123.52982454903176,33.91275768145415,-52.04157358382477,26.56496999502832,8.18172460433502,23.147559597676455,5.7563990620345304,-3.363466977168598,-7.885333575306237,-1.2333578943917116,40.74681404422694,141.11595220949158
23,8.58018427284586,123.31518306572016,31.961590638554227,-50.74282039397654,27.399559275930944,8.057362324194916,20.897213484558158,5.640362339473707,-3.351349515628132,-8.03216178368702,0.621428147437688,36.409689764575944,137.73138378776224
24,8.547724825887487,123.13213587121767,30.11754505079274,-49.504020524865254,28.169850330760124,7.949163687122216,17.787390469823986,5.500904276154454,-3.348832446920886,-6.917498273571388,3.1913431564165333,29.560157242988378,124.58594751402728
25,8.510810206848324,122.99092902783669,28.486449982842093,-48.38751077570947,28.816413187326262,7.860826219272878,14.038221714321642,5.33959716445027,-3.350165862268006,-4.806284244691449,6.048187171049612,21.902657140642937,103.39988055923148
26,8.473236719198649,122.89107535719813,27.15358339222157,-47.44805226317176,29.294157250298664,7.795088043643967,9.778014051082035,5.160283721710903,-3.3488147913076514,-1.9450646435547516,8.625573585161305,15.414881192307147,76.86557333840936
27,8.440761539884486,122.82109999162947,26.176421125064792,-46.7288675518735,29.577770924758987,7.754248387339334,5.060301379907567,4.968697997725263,-3.339020520809362,1.4033411073553275,10.353485448388957,11.824718111928405,48.1486955777708
28,8.420653959473707,122.76121862784169,25.581244992634034,-46.25845127347525,29.663409512447238,7.740584294133331,-0.1276265381707898,4.771668139130715,-3.317078110375406,4.922006960169343,10.769545722004871,12.148308592393372,20.30112813379949
29,8.420557715592807,122.6883229446401,25.36459279526913,-46.049071993366546,29.56621568356882,7.7567261762455475,-5.862218120235704,4.576144602405174,-3.281997182913879,8.234363665180528,9.590600954751052,16.395754175530207,-4.306226378233013
30,8.44713025580527,122.58207411265674,25.499342375658863,-46.09741065154133,29.314401801643676,7.80599547569223,-12.274828314622642,4.388278988359285,-3.235428418286657,10.945487578763437,6.7479916397471085,23.526625471022676,-24.375981570444875
31,8.504889845057924,122.43052081124847,25.943613610176513,-46.38694584805062,28.941762369880532,7.892641528519087,-19.524248489170823,4.212717580260428,-3.1809608258324933,12.722432216651937,2.398235188214331,31.68554870189453,-39.77684278345149
32,8.595543511176105,122.23367165653421,26.649732165570736,-46.8911130011814,28.480917393217638,8.021853629304447,-27.740692021467883,4.052198245253607,-3.123043137774144,13.38604499555938,-3.0834505927497537,38.66890662435539,-51.315864787219866
33,8.71785868573098,122.00396691874487,27.5707661377444,-47.57624284071583,27.959060159945675,8.199376640586504,-36.940799338236275,3.9074555777505737,-3.065836625061576,12.971371731784352,-9.130695088694281,42.49831620765707,-60.28103437690203
34,8.867931826564574,121.76346589909261,28.663296181635207,-48.40370294252002,27.39690000097091,8.430594155582193,-46.93511927679249,3.777383422608624,-3.0122836921437406,11.714849680433206,-15.048354572644676,41.942038537079725,-67.90162002276566
35,9.039603986142911,121.53847869219285,29.886479264324425,-49.33124857384393,26.81043572439674,8.719134931687133,-57.274294004491416,3.6594129109193885,-2.963589252619359,9.957546292597751,-20.12041289919062,36.84470796420345,-74.87798254129302
36,9.22485896019718,121.35303140156398,31.198724180903067,-50.31410905435936,26.21445155888915,9.065370537225977,-67.28495371352129,3.5501113435008067,-2.9191766543173405,8.00346812264158,-23.751631693197098,28.184447518037594,-81.11606310602349
37,9.414237186113496,121.22280827267176,32.5542176647347,-51.30660944243327,25.626204280749885,9.465422521817594,-76.21420857101876,3.44601274915391,-2.8770405948029936,6.002430196792477,-25.602753703289007,17.850283772144596,-85.76474576848383
38,9.597422360377728,121.15104665539586,33.901792666894345,-52.2649951013466,25.067709052134198,9.911260421601794,-83.44250465478012,3.3446036851122094,-2.834330961869605,3.9096341729383237,-25.67127244684269,8.20095777961839,-87.56542044901394
39,9.76409854943935,121.12735265391477,35.187768579011156,-53.1515161547714,24.565483350541594,10.392070427309514,-88.67627071631303,3.2452397991656436,-2.787990191377714,1.523276125876207,-24.29240298026032,1.5145707750312847,-85.38655718659392
40,9.904998154099156,121.12969805196273,36.36241882640422,-53.93890195353808,24.147571837554988,10.89649855613284,-92.03283670957954,3.149654672458205,-2.7353116143811294,-1.4385165732920928,-22.068731937327293,-0.5403189455737871,-78.71069620253047
41,10.01292252983671,121.12911434986853,37.387589672576006,-54.613625778335944,23.83878170788588,11.41497506489589,-93.98425548956708,3.0617517963652414,-2.674342053023871,-5.262641936445906,-19.756404678287414,2.711771725276272,-67.85990689202006
42,10.083493217584332,121.09596607227556,38.24216030376229,-55.1764522739834,23.655756098031464,11.941346595696526,-95.19702293463243,2.9865964219917354,-2.604089426309309,-10.187952526292936,-18.134134223267363,10.807804947155299,-53.89265732381992
43,10.115433069895602,121.00628624055217,38.9231629633193,-55.639813099980884,23.60348942439937,12.473427576139127,-96.34809495430736,2.928862617372245,-2.5245212473125487,-16.375855902207558,-17.872152413171467,22.280303558689585,-38.27620192515087
44,10.110244339299761,120.84659068151622,39.442643497246095,-56.02295096332927,23.67427776563779,13.012588815071835,-97.99720145170753,2.8912466550563893,-2.4363768922991627,-23.897876867580322,-19.416247261154524,35.0466102632679,-22.51756559705168
45,10.071293315942967,120.61591759199754,39.82219293217788,-56.34664487820869,23.84928739040526,13.562885419391876,-100.55958710018308,2.8733784670208893,-2.34086785685527,-32.728802859329456,-22.9083383037215,46.958709515968835,-7.894991090272483
46,10.002551231871141,120.3245536568953,40.08758249442196,-56.6292889452329,24.10222610248009,14.130335106121851,-104.37061539614152,2.87155658398949,-2.2393697412634275,-42.73352595938521,-28.16769070131928,56.36286238757856,4.6668394202079515
47,9.907454563039161,119.98986448149019,40.265223909142264,-56.88535886771518,24.404137894387006,14.72275641206595,-109.78775917694794,2.87933788789951,-2.133186324254999,-53.64526527991868,-34.74339360194325,62.501715094110054,14.61043267098986
48,9.78833361641344,119.63055014534737,40.3809625497389,-57.126303468608306,24.72814906934331,15.350174352260685,-117.2586869497558,2.8887821784427983,-2.023411445199939,-65.04942485318604,-42.02096399924837,65.63258158052906,21.699730486442604
49,9.646555323400737,119.26115005316993,40.46063588039223,-57.362997210330896,25.05309551791396,16.02541164926503,-127.30251999956377,2.8920416762011807,-1.910876334357602,-76.39827977490759,-49.343831753007144,66.82690643342782,25.948551270687258
50,9.483118942826394,118.88851112480383,40.53123008666227,-57.60835240417437,25.365326347729134,16.764284719835562,-140.3902930441658,2.8829594421422597,-1.7961614341930767,-87.07696871437267,-56.11335438234968,67.52302317921739,27.539185361630235
51,9.299211755456984,118.51124659591379,40.621420784562886,-57.878712574870825,25.658507518520377,17.58486641240769,-156.75161972398774,2.858349092010133,-1.6796518729837473,-96.51959398917823,-61.85353675045228,68.98536960945727,26.746749599055903
52,9.096312799378108,118.12220102069625,40.760679057129465,-58.19321107634577,25.931800554580217,18.505533770421625,-176.16905536049953,2.818670088162054,-1.5616175092465134,-104.34359972753856,-66.24478978708143,71.85119132512071,23.88929896429344
53,8.87574129213269,117.71293895432542,40.97674885949767,-58.571102989581156,26.1872104308117,19.5419455885954,-197.84348597443804,2.767914551085461,-1.4423092619186375,-110.44884393080136,-69.13302787605355,75.91433296383958,19.315399462440702
54,8.637884839022082,117.27861053104883,41.29195611495182,-59.02782871752403,26.427046725482878,20.70359391558045,-220.4089914541877,2.7126983345861966,-1.322072154901576,-115.0331624842871,-70.51698362872935,80.21374224580715,13.420410308952672
55,8.381544392966898,116.82145865353262,41.719332275539344,-59.57102731893978,26.652274007760216,21.990946207599233,-242.13264699329778,2.660778469912295,-1.2014664197821647,-118.51043863596524,-70.51994387204526,83.38371160032425,6.666051840380059
56,8.103824477815976,116.35179702767103,42.259762457863246,-60.19778617742034,26.86210757920291,23.39421681901218,-261.26339781114336,2.6194141124509454,-1.0813733185302867,-121.3618517894856,-69.3588548392285,84.1228139237485,-0.42178829062686907
57,7.80078840264549,115.88631237307078,42.901184441375676,-60.894086670320135,27.05468886851317,24.894386690705048,-276.426572362365,2.5940318984870663,-0.9630630991930381,-123.98186017843562,-67.32370914231706,81.59677362939362,-7.2861738362729795
58,7.468769217831886,115.44457283238171,43.62031373768271,-61.636795352215664,27.228259290080295,26.466361294575687,-286.9332066261518,2.587513455749806,-0.8482131886172037,-126.58137365505046,-64.77042436180163,75.63504523195978,-13.394897917449535
59,7.105921543197387,115.0451535956395,44.38667607883142,-62.39786226982714,27.38214847179304,28.08343225573008,-292.9036102893444,2.6001861007796165,-0.7388639399137471,-129.178955717532,-62.116473088512166,66.69231592953714,-18.304584726622107
60,6.713474322149579,114.70257980388696,45.16816126333269,-63.14983041976089,27.5171563786843,29.721814582556487,-295.1777830747689,2.6303913785468427,-0.6372857807341141,-131.66178458885767,-59.81902269718709,55.661157686740204,-21.72231063457974
61,6.296274823944299,114.42553660785869,45.93699915829609,-63.87145511117313,27.635357010205116,31.364119011556138,-295.06319580516697,2.675381122520274,-0.5457290807308653,-133.86113588126912,-58.31876890242364,43.672576988021724,-23.55410719904422
62,5.862528402107771,114.21602423592459,46.67494852592137,-64.55218918820543,27.73968886412287,33.00109084374037,-294.01641582445296,2.7322436555073977,-0.466053404994445,-135.5883533699101,-57.95049030975868,31.980875887930683,-23.922947775008396
63,5.422941182749072,114.06883642068264,47.37651164448695,-65.19445089338322,27.833722529563264,34.63154541111902,-293.3539147832456,2.7985913475214224,-0.39927847967452074,-136.61803658476896,-58.84321319114794,21.92995044986047,-23.1391771615537
64,4.989563408121254,113.97107534792767,48.04921068382724,-65.8129220925317,27.921718657155726,36.26089039187022,-294.05003726701386,2.872839743025919,-0.34514910146588273,-136.6573245525754,-60.84527441152692,14.908620929856527,-21.6244859049768
65,4.574482707333822,113.90211379219875,48.71053646589263,-66.43068230992115,28.008725728282435,37.898809996012005,-296.6347375823217,2.9540509365314747,-0.3018468397161629,-135.36360400495815,-63.50818755330815,12.186332289359672,-19.813704631726104
66,4.188330641317035,113.8349295759694,49.38209984705673,-67.0728112689083,28.10030135402459,39.55664320718544,-301.1767877319003,3.0414614010046095,-0.2659902022165536,-132.44678180371235,-66.15028220613365,14.5949352915276,-18.06451502067245
67,3.8385721593131565,113.73960562716411,50.08245539091075,-67.75899031005001,28.201604360783023,41.244874631701094,-307.3364615177584,3.1339191463842218,-0.23301431039508733,-127.83282589371076,-67.99738132523198,22.143067191704162,-16.59112761307981
68,3.5277694323158455,113.58895842812177,50.82055085737053,-68.49714555403116,28.31596802853307,42.97109376792674,-314.481099133128,3.2294653518931073,-0.1979115457956057,-121.81312567895012,-68.36748109314034,33.73924165345551,-15.424927396495866
69,3.2522693342100415,113.36512886075205,51.59155897480633,-69.27995316567278,28.44338172473836,44.73876730829258,-321.8576522491703,3.325207784325634,-0.15618901419560086,-115.09449420309144,-66.84376929925212,47.199484793059504,-14.40960009698315
70,3.0018452659927064,113.06514102214761,52.37616739838266,-70.08516543430895,28.579427429243133,46.547113215019515,-328.7992119643166,3.417514418361419,-0.10481038197791145,-108.70517712324241,-63.38031510640341,59.61782080105933,-13.249338124191071
71,2.760628355112362,112.70338895630896,53.14357516765724,-70.87963898450408,28.715125814767717,48.392165801540656,-334.9163374388014,3.502471689837341,-0.04286738288615725,-103.77857977286115,-58.30872846483901,68.02354481187169,-11.620063686176392
72,2.509267690498318,112.30989862562177,53.85762000160695,-71.62602751063461,28.8379004610383,50.26877676840405,-340.209645578743,3.5765085317159326,0.028225609898112066,-101.2881748602152,-52.24959103580875,70.10921193710932,-9.318088385895969
73,2.2278762897592546,111.9247245667049,54.48466876240544,-72.29050640166876,28.933565646495857,52.17293804173461,-345.0538178120301,3.63706858983627,0.10510661204212879,-101.8183986005137,-45.9629588032763,64.76635910395265,-6.383598076927626
74,1.8991295199946703,111.59025201560488,55.0012909321906,-72.84967977058871,28.988999177081407,54.10361648523072,-350.0421587463752,3.6832192917762967,0.18333830578176682,-105.43206897268354,-40.1848520278637,52.253287318776174,-3.1316259170020246
75,1.5109032175849573,111.34371912614878,55.39958953753662,-73.29501754414292,28.995039820361065,56.063360662089394,-355.728096575418,3.716108361716895,0.2585326306917579,-111.65685580993225,-35.488845896691096,33.99758571853541,-0.06159508060491717
76,1.0579826714921043,111.211703559596,55.68861692596163,-73.63379517625836,28.94911792411067,58.057269157174666,-362.33957916850966,3.739188479459513,0.3273798870247399,-119.58003837920728,-32.19480236674009,12.191816777191606,2.322710728619346
77,0.5425799581858126,111.20712968761133,55.89151146857113,-73.88648305185242,28.857123188686806,60.0904235211863,-369.56301858975905,3.7581260373049985,0.38826968893287117,-128.02092678658536,-30.33490015540648,-10.623634609281465,3.704308448644597
78,-0.026357976862784935,111.32838526932584,56.039430077905855,-74.08158197543331,28.734021972097295,62.164451835280225,-376.48396142199596,3.78032061599848,0.4413554585698389,-135.7442491746484,-29.68214318367976,-31.88288600274352,4.071489185645044
79,-0.6348327794834434,111.55990708888058,56.16436171222539,-74.24958396987908,28.60281295031835,64.27429794676141,-381.7258566426447,3.814009973114139,0.488115157041226,-141.67866719408178,-29.838213312882363,-49.23573401636858,3.7160784421886244
80,-1.2660911168911262,111.87397619862905,56.293013746897,-74.41772763955466,28.49163969934756,66.40632407611322,-383.75851143976246,3.8670202346842544,0.5306020386262733,-145.10371916299675,-30.359977128903157,-60.78148967005958,3.118479398297448
81,-1.903092300390871,112.2339022919983,56.44321347294652,-74.60658266540379,28.429310755945135,68.5385059229076,-381.2853465718533,3.9453366233116682,0.5706283417699027,-145.76518491612555,-30.885017597148057,-65.3350325024208,2.7706289348983226
82,-2.5307184463666568,112.59877688396776,56.62315435292337,-74.82865623746473,28.44003634297903,70.64283564310372,-373.5933869349993,4.05179450017285,0.6091013958911646,-143.88422714553954,-31.211721154146904,-62.67747452431396,3.0061500376546535
83,-3.137370118371914,112.92944535536247,56.83289706688221,-75.08861700705583,28.53864137362225,72.68939987740198,-360.7688095351818,4.185262314068743,0.645664842209764,-140.05050770438515,-31.30770000817474,-53.67871512974611,3.899263245570032
84,-3.7157158105677603,113.19462592186515,57.06709061154688,-75.384556425783,28.727571266009697,74.65116936872353,-343.72631228269336,4.340629448086139,0.6787093616107698,-135.02754437393395,-31.253048113344523,-40.18969983272463,5.266382182090146
85,-4.2625337893949204,113.37569207562332,57.31785560105174,-75.70978452885228,28.996542206956637,76.50839675531581,-324.04955227331084,4.509691145405774,0.7057206978472427,-129.5306777852356,-31.150711050711514,-24.68567586596152,6.7635278978375455
86,-4.777798003512382,113.46883938718513,57.57699764781035,-76.05473091023468,29.324868777283925,78.25163260181935,-303.6811787179722,4.682707703480075,0.7238440712918698,-124.05048806348299,-31.041256150296636,-9.74466610444823,8.032373600488214
87,-5.263398011145795,113.48408607387152,57.837114797314364,-76.40856599508245,29.68571560169231,79.88268485817055,-284.53419881380677,4.850166555639198,0.7304914895356207,-118.78206755305754,-30.84915219207396,2.4927254486771226,8.829275723474233
88,-5.722034008437497,113.44144511267817,58.09168077968248,-76.76032813291579,30.051103475390303,81.41332579100253,-268.1184269910581,5.004242684388459,0.7238231167551683,-113.68068339379097,-30.37564209298897,10.737621097865013,9.087847705301582
89,-6.156722528376455,113.3653162326769,58.3346410588536,-77.0996541509375,30.396528817890903,82.86210925470955,-255.2753506190708,5.139645888333984,0.7029915905571239,-108.60723637744597,-29.3436444420795,14.74230615600611,8.904327937703853
90,-6.570956554647257,113.2785323547787,58.56021669763203,-77.41745522409477,30.704372818050018,84.25013705861772,-246.08437529122912,5.253827436099535,0.6681294965004866,-103.48336779640304,-27.48777239013161,15.226527356938194,8.467788280216874
91,-6.969108367172849,113.19753919351567,58.763415540227946,-77.70685970032063,30.96568084683899,85.59683654096462,-239.95134101968517,5.346728566444715,0.6201586811056329,-98.37626582113113,-24.664803783425654,13.564868390469567,7.967424165060311
92,-7.356466444397361,113.12988642010764,58.94132662695632,-77.96445097204477,31.180257715272155,86.91670977516544,-235.83656778839165,5.420307246582874,0.5605633588772457,-93.47717011959539,-20.943689405803482,11.320470723333186,7.505598602187379
93,-7.738508011238034,113.0745761214831,59.094759517770036,-78.19139926662253,31.355307671420583,88.21764254642717,-232.54342771057628,5.478005536566378,0.4912534798231355,-88.99586499340975,-16.633061195416037,9.759407248570792,7.044800123828932
94,-8.11948463859528,113.02496254633182,59.229340157873004,-78.39376163536775,31.503044482323254,89.5008565936408,-228.97994743543669,5.524207446964162,0.41455514579179675,-85.03458062004437,-12.227069152457789,9.496032801293184,6.418374919886659
95,-8.500840533884869,112.97307524686072,59.35508162934943,-78.58131246609598,31.637808936403815,90.76212169878437,-224.32715661920057,5.563669270999432,0.33326267364935613,-81.51331699131484,-8.288232097599044,10.386239685984885,5.419841165193945
96,-8.880161815487185,112.91374734626216,59.48399753130635,-78.76491533731333,31.773272607941184,91.9935750543123,-218.09145411643811,5.6009192909676395,0.25063193744638035,-78.19382306827136,-5.3140342013590125,11.704915986757873,3.9440268591914833
97,-9.251221319345174,112.84700199666963,59.626404544771916,-78.95336259347339,31.920279442378217,93.18551239750256,-210.06565204999626,5.639698941537129,0.17020383066867753,-74.80177486766486,-3.633937947622711,12.538111565447947,2.1087637009551314
98,-9.605326653265232,112.77784028428545,59.78750789727826,-79.15113794583452,32.085728932907955,94.32777283067341,-200.25177129501384,5.682574128680793,0.09540717606388294,-71.19719317412688,-3.360569944669251,12.228175915577838,0.28083761254332457
99,-9.933735303486806,112.71367816683997,59.96591720015026,-79.35819998732744,32.27259793073518,95.41067182575986,-188.79613231094845,5.730819192829923,0.02897743113402221,-67.51516521916757,-4.392859175301187,10.678526169766656,-1.0206298292123228
100,-10.230507069391436,112.66072739221248,60.154749914403034,-79.57178323152839,32.480824078343545,96.42566588337095,-175.96098622400496,5.784586080927012,-0.02768704466851319,-64.20614652705542,-6.454555753057313,8.383293740132222,-1.3006661409016047
101,-10.494953368835887,112.62107177901342,60.34461570507029,-79.7891014139694,32.708514203210804,97.36597241746395,-162.12650995801363,5.843274628838914,-0.07505198772511171,-61.9456328405052,-9.15114485693949,6.176926025048776,-0.26324553196705114
102,-10.732907927031137,112.59179663953564,60.526961305253785,-80.00945861072987,32.95291935795519,98.22725933946705,-147.80024920273544,5.905945077186394,-0.11567451981021877,-61.43930383404311,-12.035829323704968,4.832954459180095,2.08599069743009
103,-10.95637443255667,112.56649510292081,60.69640440515906,-80.23480283610279,33.210835777552774,99.00837298149014,-133.61237529720344,5.971585853643863,-0.15401421161092047,-63.19486856493022,-14.681862220321328,4.706761792534378,5.438861615324801
104,-11.181580833427317,112.53835012241497,60.851470755997994,-80.46873168381347,33.47844129620278,99.71197816157647,-120.28473528038549,6.039105084481367,-0.1958341660665345,-67.34338102698945,-16.756782638880356,5.583766810645876,9.275594953848824
105,-11.425913123637612,112.50332466804387,60.99394126157189,-80.71472178433368,33.75088581251717,100.34494499185145,-108.56834463094613,6.107049597359122,-0.24732569317114927,-73.5666850828434,-18.085166649615303,6.787983663742754,13.01163120745941
106,-11.704464331113957,112.46204705969481,61.12743271581692,-80.97454519400999,34.02207570982176,100.91829589238006,-99.14735649746089,6.173207429385246,-0.314160856709635,-81.14070795511462,-18.679960222435838,7.485077565421278,16.150532301827322
107,-12.026955019234654,112.41965210544674,61.25587840683955,-81.24752372004319,34.284995761196,101.44652422756575,-92.51594395889428,6.234343962387128,-0.4006645539986077,-89.06368940434567,-18.72639488104652,7.034635230098215,18.39147682714408
108,-12.395621532376047,112.38377420045049,61.38239924481329,-81.53073635175318,34.53267045590724,101.94616830134986,-88.85157881940468,6.286310892386114,-0.5092286764542667,-96.2237295042304,-18.515981196409044,5.238128087406434,19.655218200822425
109,-12.804453003821818,112.3616541434538,61.50878514919999,-81.81981586055647,34.759580682032315,102.43371319658368,-87.92464257281854,6.324642787277835,-0.6400208812119966,-101.5700302416341,-18.34533412182792,2.3886345019899884,20.024670816052968
110,-13.239945850523146,112.35759613147818,61.635550664941405,-82.10977194270376,34.96312046082364,102.92315077072797,-89.08478948109789,6.345560051638053,-0.7910049787987357,-104.26897478352063,-18.410253717111125,-0.8772415958402809,19.63192118274365
111,-13.683294334881557,112.37172995164707,61.762410460238684,-82.39546069608443,35.14459990821297,103.42372444535359,-91.34347848595493,6.347122704323489,-0.9582780257827097,-103.83356412745728,-18.73287569926619,-3.8440203348606152,18.542892674333583
112,-14.113628902318034,112.40041172199216,61.88905779066875,-82.67173390835367,35.30941319825852,103.93840889684668,-93.54119515288448,6.3302069043287155,-1.1367023513179124,-100.21098160702446,-19.151366585974696,-5.9867707856609975,16.685131282761763
113,-14.511641420522956,112.43797663968856,62.01617588957368,-82.93360095759247,35.46621423073246,104.46352359849433,-94.56388549904963,6.299002592851967,-1.3207415549483166,-93.80758000635424,-19.377742149566522,-7.154698018246294,13.842101490766428
114,-14.862826816636614,112.47917145702763,62.146517501813676,-83.1766865350772,35.625164465142106,104.98963182813864,-93.56169015288201,6.260808521928677,-1.505314864628124,-85.43352819115712,-19.101868572549023,-7.6225306857666695,9.715174571428394
115,-15.159669233824912,112.52146636126463,62.28568634085749,-83.39796358291225,35.79552216009837,105.50359692269946,-90.11967267774756,6.22502583180311,-1.686429269874525,-76.16404919196079,-18.10342404331582,-8.003215545680737,4.039756697590343
116,-15.402349223636584,112.56650334076161,62.442139147677416,-83.59647015478204,35.98307185755166,105.99138310394004,-84.33413874316619,6.201445792963878,-1.8614013463313024,-67.13595011681183,-16.334419665440517,-9.046987388865276,-3.2699228792166237
117,-15.59786156996136,112.62016126488116,62.62605835095908,-83.77366418569589,36.18808860622435,106.44095436145159,-76.76628972384323,6.198159461140385,-2.0286454868535193,-59.31919747952644,-13.948093328786715,-11.383369081669587,-11.987572732944336
118,-15.757763050867286,112.69112559983753,62.84712061738289,-83.93320221891956,36.4045224685268,106.84454690650182,-68.27966727954419,6.219593806798129,-2.1872000443879553,-53.31707569315395,-11.26789002089448,-15.28915620358467,-21.504641148520104
119,-15.895080567928595,112.78836789044487,63.111647360709526,-84.0801241266564,36.62077399325063,107.19974708996602,-59.8070540044002,6.265217069726107,-2.336266005606387,-49.24880388032747,-8.707491209586761,-20.566254954248695,-30.866862442715743
120,-16.02112655132836,112.91835573015516,63.41993976299328,-84.219590778343,36.82192343054808,107.50916466311867,-52.11688707715164,6.3293320495849725,-2.4749793760686183,-46.75035821216523,-6.665449908057643,-26.57568079567863,-38.92807585646275
121,-16.14299641384774,113.08291278249354,63.764609617243416,-84.3554134727542,36.99282654426706,107.77891470282894,-45.64704876005667,6.402117046991104,-2.602483203588907,-45.095543374381826,-5.422587923109501,-32.412667065449746,-44.588688384056894
122,-16.26233386393675,113.2783817224414,64.13044699819699,-84.48864638965891,37.12127677023935,108.01645061517443,-40.44729509873074,6.471729933765267,-2.7182278061614955,-43.40350431870533,-5.067382821242077,-37.15547398640517,-47.05671394678635
123,-16.375608603941114,113.49625959553273,64.49599727046709,-84.61654475446917,37.2004669162052,108.22841620886943,-36.23289806024058,6.52693878571666,-2.8223688006027827,-40.875583513577986,-5.46840015175348,-40.10137325301794,-46.06196281316228
124,-16.475752950077485,113.7249955990719,64.83668111611966,-84.73224204659061,37.23020538963158,108.41908403620126,-32.51693138238017,6.5595205366768115,-2.916122691437642,-36.99938008921553,-6.305167535219448,-40.91806598976989,-41.96101626106642
125,-16.55463230496474,113.95232205144586,65.12895740885735,-84.82547654623544,37.21670796963168,108.5896832596373,-28.769913570247763,6.565727832296253,-3.0019498837966694,-31.668831079160896,-7.155912909003796,-39.673766228585826,-35.69003561587015
126,-16.605579733860576,114.1673982428908,65.3546908958189,-84.88447884926065,37.17119198598814,108.73861282979216,-24.558572846170506,6.546478383778527,-3.0834823485911396,-25.19233518800177,-7.620464387078734,-36.75172491612639,-28.563499840834687
127,-16.625223217746917,114.36219978387716,65.5047127644856,-84.89873758765422,37.107769037268135,108.86230731310407,-19.635330184538855,6.506400078773575,-3.1652001083000223,-18.19202892538241,-7.438039481919627,-32.694616677600706,-21.9751175450174
128,-16.61411630432614,114.53193548173093,65.5807352990874,-84.86197219144353,37.04117536348323,108.9564373141529,-13.973908396776034,6.452246376852705,-3.251933599033366,-11.429421657469225,-6.557174184515494,-28.046342257636887,-17.0983114518848
129,-16.57615070970101,114.67467404794219,65.59522033534934,-84.7744409734244,36.984763018528,109.0171636807412,-7.762202744136826,6.3913308352712255,-3.348278220259094,-5.61545146599939,-5.1343728318061865,-23.250353118787654,-14.673895086939522
130,-16.517182344182224,114.79062089143542,65.56922149605423,-84.64376944944541,36.94900968523213,109.04225384055607,-1.3667391915226634,6.330475918417847,-3.4579776181212303,-1.2647984094724212,-3.4692035357660753,-18.62805601927699,-14.92041231337352
131,-16.443527307340776,114.88149227184765,65.52849818564962,-84.48380724931508,36.9406517406638,109.03193991187969,4.723170921221881,6.275622907293817,-3.583331307289169,1.3696902605155605,-1.9087545247359523,-14.420190516145295,-17.55313992860611
132,-16.360875382139596,114.95024034457565,65.49848514512969,-84.3115981022885,36.96242750327387,108.98941656662024,9.970534094488057,6.231909601156406,-3.724729327966274,2.2845176905306235,-0.7602941630763979,-10.85080234485221,-21.882829830163907
133,-16.273821301930862,115.00112980407204,65.49910071897027,-84.14323046890007,37.013343816285115,108.92086836193283,13.882243399868592,6.203872881927245,-3.88045744311611,1.666602596292653,-0.23602010978626617,-8.173168035255115,-26.975060662283745
134,-16.185873057169278,115.03996827520493,65.5406865953824,-83.98980677062941,37.08934957305018,108.83495403260837,16.103134630012203,6.19551268000483,-4.046886220848615,-0.1736481844443338,-0.429625824018451,-6.671031442642958,-31.855265079547383
135,-16.099656011696016,115.0741941031968,65.62225215188043,-83.85474514767706,37.18430300384514,108.74179195588701,16.489664594344088,6.210151242283707,-4.219048080932796,-2.8515531545644266,-1.3097161041844025,-6.608170769459064,-35.72749992090649
136,-16.017090771872887,115.11254487999823,65.73253700816711,-83.73312190378964,37.2911231848459,108.65162807322568,15.144183107642464,6.250173942682353,-4.391477952689216,-5.933447534164032,-2.7204210189327345,-8.14119089453676,-38.14948026441269
137,-15.939443447854853,115.1641752036401,65.85346931406085,-83.61307198864087,37.40298082424292,108.57344175556878,12.404169784552147,6.316751350543271,-4.559123277293036,-8.947469158659862,-4.396379293502992,-11.229324316662524,-39.101452554403714
138,-15.867219808036799,115.23732253834092,65.9648560615036,-83.47872498732696,37.51429960178911,108.51373326136562,8.79329902129673,6.409548650907101,-4.718143309646854,-11.396634123585304,-6.0075167528742535,-15.580883459813121,-38.920937962833435
139,-15.79990370995072,115.3378312439036,66.04895445531425,-83.313920442393,37.621264415975425,108.47567194303778,4.9472489242213875,6.526350701496061,-4.8664763223788245,-12.78971982859832,-7.236669467483986,-20.66221926502664,-38.13544992518459
140,-15.735593701353492,115.46792302902459,66.09393178922983,-83.10594585305877,37.72158468131642,108.45870550892027,1.527971853328584,6.662586432628719,-5.004106511713598,-12.697301466923221,-7.867939036406829,-25.767444067415024,-37.270509101721494
141,-15.670701189363824,115.62550702762135,66.09576929704754,-82.84859595556672,37.81352217205432,108.45865753160768,-0.8619015861791817,6.810926154776776,-5.132995406448532,-10.828777241146874,-7.847345755627362,-30.122146175679188,-36.70786176997092
142,-15.59997542290185,115.80412118208773,66.05852505565393,-82.54388393502545,37.89458873872737,108.46828456039715,-1.7560651005188064,6.961307398008151,-5.256668505597576,-7.115190360039144,-7.286036886659818,-32.98719359565564,-36.62504704310937
143,-15.517101251672676,115.99341809049966,65.99298161051586,-82.20185149783515,37.960607554519896,108.47822693468915,-0.8858783602683186,7.101743669413553,-5.37948862183425,-1.7740458879434824,-6.404917764021796,-33.742522128660454,-37.00222920437432
144,-15.415923423806623,116.18005521626506,65.91381850128657,-81.83828368078429,38.00575070965143,108.47824693287792,1.7834847140087065,7.220017046066392,-5.505718680744682,4.672329186082181,-5.44659810790539,-31.953051879482064,-37.6692289887233
145,-15.292061554088015,116.34891673060193,65.83579528689772,-81.47073366905649,38.02367140627373,108.45858283662561,6.054019339795127,7.305947452416136,-5.638560131463893,11.449071746387103,-4.589454606006575,-27.429730588174053,-38.380450575236495
146,-15.144446736805245,116.48466702566446,65.76990623598824,-81.11387681545814,38.009248380902,108.41117972494743,11.54024443483543,7.353600666137203,-5.779395343268967,17.65760275548787,-3.89098140693809,-20.287874698563854,-38.91549994418757
147,-14.976253140794428,116.57359198654517,65.72070122945335,-80.77553437849214,37.96018905520399,108.33054439470375,17.753040231736865,7.362754848135734,-5.927427482587402,22.45842901422128,-3.2749861566709586,-10.983264242159045,-39.187968988461755
148,-14.794836736235888,116.60552135854363,65.68566572878856,-80.4545556661718,37.87792223269693,108.21404943729915,24.201211588513278,7.3391890451904445,-6.079816306096006,25.260736945986263,-2.5656197425322276,-0.29614798528679254,-39.319558763629544
149,-14.610573609434795,116.57546681084057,65.65679352577969,-80.14116604546682,37.76758620636401,108.06166305556793,30.48201419345147,7.293695813309994,-6.232294333867406,25.864242586602156,-1.5583440917128348,10.755029160828002,-39.63540672865985
150,-14.434820222610549,116.48457346446565,65.62367372618367,-79.81960387855732,37.63720730645438,107.87524798895063,36.33538385161205,7.240010443307625,-6.380143131170458,24.511559325570317,-0.10374171752175478,21.064864778300986,-40.571019944841154
151,-14.27749160876067,116.34008124122289,65.57695602842787,-79.47218055263865,37.496337813945246,107.65768637927906,41.65004098212441,7.1920914434323615,-6.5193297936848,21.834707942015395,1.827014831034996,29.631306594419883,-42.526146728544774
152,-14.144880950054828,116.15418034543374,65.51108657901976,-79.08354367796268,37.35454689751039,107.41210606465839,46.42600721318255,7.161385019526156,-6.647561654279235,18.708276468932667,4.1185427850382865,35.744618128168376,-45.72251237771201
153,-14.038277408844786,115.94190080765758,65.42557679983493,-78.64397796107598,37.220198148061556,107.14141597732029,50.710310944731695,7.154769936871284,-6.76501552923985,16.04875654606159,6.534485672418039,39.12392919430812,-50.11246422517142
154,-13.953689958595017,115.71847959577981,65.32454716018765,-78.15093424489838,37.0998195678497,106.84824074532443,54.529019750042416,7.173709059514504,-6.874538841438111,14.617513230606415,8.775110545377018,39.950729193313755,-55.36007505406647
155,-13.882645983477053,115.4968996488741,65.21470605760969,-77.60845118661392,36.99809694538756,106.53520591154151,57.84035326201443,7.214746543623657,-6.981220346270717,14.882035413302873,10.547957958367288,38.77354948319179,-60.891943585047905
156,-13.813757200937498,115.28632458424524,65.102235614605,-77.02461963347545,36.91823991880119,106.20539004364456,60.52911772700201,7.271039902047619,-7.091388586943102,16.962455019843393,11.629577328523345,36.307193031023594,-65.9987244550669
157,-13.73464480033745,115.09186122494327,64.98931587234769,-76.40774051848558,36.86233641437474,105.86267182269569,62.44961192861877,7.334315244384031,-7.211265540431071,20.65273912087466,11.90133091111069,33.200086797242136,-69.9615785948464
158,-13.63387851281235,114.91555710751487,64.87125057227357,-75.76230669014609,36.831400955032834,105.5117100145952,63.504666226791464,7.396623805245681,-7.345609870351181,25.48326827684655,11.353042987903544,29.863260094743648,-72.17936826038292
159,-13.502707204096879,114.75803152827726,64.73523373691238,-75.08618551835582,36.82509810415034,105.15742120085244,63.730904536302624,7.451533405150094,-7.496691867369963,30.796221057577156,10.063523302313534,26.42794689651256,-72.27792957845917
160,-13.336444622774714,114.61991294283291,64.56149414503726,-74.37011148025398,36.84143084478053,104.80402358253298,63.35424643446524,7.4947257007313866,-7.663853418756082,35.827229120496746,8.177767697544494,22.837959651489466,-70.18615711779248
161,-13.13538258820162,114.50242508965046,64.32682460342112,-73.59978508100335,36.876814891811705,104.45390828958517,62.788887134484625,7.524182051489603,-7.843740092751863,39.804236712129224,5.896138646325004,19.022504284589733,-66.1660691897869
162,-12.905054410194778,114.40690660075815,64.00967515077058,-72.75991251491189,36.926797454868506,104.10669999090376,62.572749606799945,7.540154457742924,-8.031084120877015,42.07184379900666,3.472637468485827,15.068154424531942,-60.79222205018825
163,-12.655645945425599,114.33350914717809,63.59553596311833,-71.83893881946561,36.987316091689394,103.75884306260868,63.25342717848007,7.545010447029342,-8.219745753931287,42.22727082605053,1.2040437819431586,11.321722396322873,-54.886987597519386
164,-12.400465431264898,114.2796084524269,63.08137653194795,-70.83319797707234,37.056066084057086,103.40391938285707,65.25372905324978,7.542920651137519,-8.403690154072656,40.22755750708374,-0.605882745644687,8.390073363068895,-49.41978728914587
165,-12.153675987704444,114.23853790865736,62.47817151586184,-69.74949910586906,37.13344542941561,103.03371459047186,68.75289631281575,7.5392831625107615,-8.577715026402636,36.41818423340182,-1.7054830067800462,7.038327702896683,-45.37065007837711
166,-11.927828936762838,114.19915224432332,61.81084763398869,-68.6055761655034,37.22270277664273,102.6398440135789,73.61826675596498,7.53978257886218,-8.737941757959623,31.45554365154214,-1.9591936491017758,8.015248891716908,-43.561570133122395
167,-11.731866981002627,114.14650557070053,61.11547692554687,-67.42836386842663,37.32921166392549,102.21557266898978,79.41160915178698,7.549096467656132,-8.882191110881937,26.14223308235727,-1.393453128954242,11.85050323673397,-44.48678832258084
168,-11.570070039411707,114.06365595822668,60.434351394118174,-66.25071628807103,37.459079550546356,101.75737190710086,85.47533056430633,7.569473244490458,-9.01033002535203,21.235867160608546,-0.20763976348198507,18.672238307404406,-48.206795454761256
169,-11.442018620850034,113.93434894908538,59.81040233676957,-65.1076713117097,37.6174635977028,101.26578752647042,91.08203537719369,7.59961156541289,-9.124553826269736,17.30128891437809,1.2566505194501043,28.089901710014182,-54.36948875864581
170,-11.34329960948357,113.74610095326224,59.28262587409131,-64.03327079516087,37.80697897326695,100.74534319816534,95.61353669530479,7.634329234365273,-9.229445875482737,14.649778734204114,2.583968874308151,39.18194731419306,-62.36282492299844
171,-11.266539660033862,113.49300045739463,58.88332733469635,-63.05815764911219,38.026490075842375,100.20342840461794,98.72592094159893,7.665330842848539,-9.331601006924306,13.367178217662584,3.3766575412861926,50.61677662270966,-71.51704685633428
172,-11.20242365806754,113.17743560885644,58.6364826678341,-62.20714167459211,38.27044368533097,99.64837469974829,100.45710582990945,7.68300607549114,-9.438643688521028,13.398354165607572,3.347599096589094,60.90577350801696,-81.23210548569759
173,-11.14054634421444,112.81007808424707,58.55546112460196,-61.495488239671516,38.52880432298185,99.08715161050539,101.24494714282412,7.678783527727532,-9.557619434600486,14.639561957423918,2.389841999752633,68.73877188116167,-90.95612198323838
174,-11.070144161050116,112.40788132694239,58.63879378660104,-60.92342762271535,38.7876112891315,98.52324016020306,101.84723698629873,7.647332648249082,-9.69296265862388,16.994441921110887,0.6043540295870046,73.30817902385738,-100.05512400310222
175,-10.980876332457823,111.99046414876328,58.86456118014956,-60.470056762702114,39.030162101951476,97.95521240758953,103.18161114006735,7.587950641919777,-9.844491525308555,20.370084541866742,-1.7208000491100903,74.51897519516692,-107.70364066744752
176,-10.863823648321887,111.5757818453083,59.186048581555085,-60.08934527916382,39.23879640240997,97.37637696534688,106.12170710201079,7.504752428510405,-10.006061162711065,24.619658930838888,-4.172182291440714,73.01489304578233,-112.92002450861393
177,-10.712745071361322,111.17623260987142,59.53206840793708,-59.71124066948591,39.39719219565423,96.77561753551537,111.29283101325697,7.4056884402018675,-10.165504555762002,29.46629141740221,-6.294646821172121,70.00536254230954,-114.77930656206922
178,-10.525425372787808,110.79627004008236,59.81416528273948,-59.24952396423972,39.49297590249405,96.13930550572321,118.91186344567909,7.3007986797898825,-10.306225281880883,34.456515912529,-7.672662724146284,66.93163932497775,-112.73104828972096
179,-10.304770752832109,110.43223330656214,59.9404168617617,-58.61568436964369,39.520282317861216,95.45391709015843,128.71366647222055,7.20030221867269,-10.41032199552146,38.98276337192267,-7.987583534270493,65.05733956864783,-106.89436050633846
180,-10.05926104005968,110.07450848489367,59.83299581323144,-57.735790115580784,39.4817495678463,94.70876555032643,139.9921820073796,7.113031300415735,-10.462596931073582,42.385348255114714,-7.042616350707703,65.10147813795022,-98.21028978505103
181,-9.80245191658574,109.71141766389367,59.44513991936707,-56.566121589305276,39.389415594982665,93.89816409116,151.7544509550527,7.045439189162131,-10.454440187612768,44.10806830349242,-4.767163618333162,67.03065631939747,-88.37855858142916
182,-9.551391941534053,109.33366178509458,58.77304738767451,-55.103504304079145,39.264135495954605,93.02244836964942,162.9494820684918,7.0011392390736376,-10.386524641948656,43.85524113078508,-1.2224812518858463,70.07490141524418,-79.56770383278709
183,-9.324056593924519,108.93801317474876,57.859254891247,-53.3874866476412,39.13338136098473,92.0875970581268,172.7087853306944,6.980807254183471,-10.269507795453613,41.694382984294144,3.379962214532827,72.94499485609879,-73.95681163360045
184,-9.136184206593866,108.52934570758302,56.785956854903056,-51.493303673323624,39.02753724385677,91.10358212750462,180.5329406649509,6.982302788304438,-10.122433903773405,38.0682266427827,8.658235689681657,74.1573169295739,-73.2319723200651
185,-8.998146666231328,108.12075033549148,55.65924895197497,-49.516743732652095,38.97509509957073,90.08191725400177,186.37682689951748,7.000958533418919,-9.969136533743942,33.710452956204584,14.062379973705996,72.36072178321835,-78.19171256467912
186,-8.912593036017729,107.73198999416032,54.58794743632062,-47.554347035115164,38.99755873215212,89.03306272777475,190.6152715673198,7.030065433678232,-9.833506918185387,29.48631162351656,18.91837339282308,66.60835674916282,-88.58263285186383
187,-8.873499538049181,107.38665530819274,53.66251901863448,-45.684147089597616,39.105273145001796,87.96435774187272,193.9033632738918,7.061590876388568,-9.73483569942903,26.19589911127288,22.5133213268701,56.57552047681214,-103.19537991536936
188,-8.866950376098046,107.10823497020704,52.93978841696851,-43.952469786106775,39.295515793774065,86.87897958693007,196.97644924328395,7.087107297488966,-9.684403808423264,24.387289213458185,24.205247335504268,42.73532562367231,-120.15540192906562
189,-8.87354717712891,106.91531068356906,52.43721775546686,-42.37058666335316,39.55374443936885,85.77609949849814,200.45430486282294,7.098834992721443,-9.684084348572236,24.229321170337524,23.53741881494779,26.457201865116026,-137.3000386943587
190,-8.871942631160715,106.81647748866982,52.13741568673076,-40.92172914480728,39.85793881931989,84.65201736801039,204.70991490446087,7.090670845835251,-9.72709595822926,25.482059011481653,20.3395041222773,9.940948284977821,-152.5497686909462
191,-8.842734986365327,106.80618674528823,52.000418681309355,-39.57546041340259,40.184896401746485,83.5017733185145,209.83345615090752,7.059068992779296,-9.800478556235644,27.57370144508922,14.794017050395865,-4.092374952063029,-164.2174064618015
192,-8.77188664950922,106.86301332932517,51.97931181174088,-38.30415684897951,40.51663645402583,82.32067918842498,215.68092988397308,7.0036127187282915,-9.888528554864552,29.75799013106143,7.4415532410882514,-12.945754774902799,-171.22444431922435
193,-8.652951555889716,106.95149164774224,52.03442248229352,-37.096125058474506,40.845014984602365,81.10538650383955,221.96718066699043,6.927090640330519,-9.976355397808561,31.303520565444025,-0.8897433150362941,-14.607879470878668,-173.21114919740793
194,-8.487717558828072,107.02770874683259,52.14241724841191,-35.96139333632408,41.17323159280824,79.85438249442183,228.3593265639191,6.834951296727031,-10.052820297676714,31.663948388917476,-9.214884015545314,-8.340375431596375,-170.54321165074475
195,-8.285313664023109,107.04768990914526,52.29848845570651,-34.92860927131735,41.51387850651059,78.56801961846641,234.54589629183965,6.734186256087949,-10.112309227672117,30.592004238458937,-16.543015219307684,4.995579833668665,-164.2256697877858
196,-8.06020406809666,106.97669561717355,52.51178773823541,-34.03400878838943,41.884227465956194,77.24824418915671,240.28182249284552,6.631888523893791,-10.155046091916686,28.180646559918255,-22.011161353869102,22.992010899416467,-155.7337844896111
197,-7.829626563272787,106.79713101287682,52.79603552497824,-33.30571234670879,42.30028046631893,75.89812736486556,245.42021395547684,6.533834915400733,-10.185968659176165,24.832665026828398,-24.98539079738233,42.1455807649878,-146.7750713617899
198,-7.610938715463763,106.5129426346805,53.158622447891986,-32.74828676338589,42.771489975665766,74.52124244716106,249.9319698757695,6.443423972347659,-10.212538220081484,21.172574080067864,-25.132577977693405,58.62186559891757,-139.01187974892616
199,-7.419156834482872,106.14912016339586,53.592070524601745,-32.332930760449706,43.29782116165748,73.1209797380695,253.89797625004599,6.361205169899703,-10.24212800240245,17.923035523118134,-22.466358599141213,69.15552753231704,-133.7852115641354
200,-7.264861673946111,105.74611142943283,54.07089390116779,-31.997169710139108,43.86999256977326,71.70001208774983,257.45875210236653,6.285088334561415,-10.27970537316661,15.772219941228123,-17.358465339900757,71.85192337271857,-131.880189857471
201,-7.15265312019983,105.35036035970849,54.55476125160901,-31.65474128729828,44.47257727037706,70.26017001026115,260.7309193255579,6.211141307737553,-10.326354665925967,15.256461046593518,-10.499240919726304,66.6550785496996,-133.37370015217837
202,-7.080385190231758,105.00340440669908,54.99641881670199,-31.212704031606552,45.088651278942926,68.80283495407716,263.73091237278607,6.1347102489855265,-10.378880961863635,16.67476911966074,-2.8024491266381437,55.3247891143724,-137.61004969292838
203,-7.039370354792188,104.73252985065632,55.35136640054666,-30.59044388344239,45.70425564268263,67.3296605392482,266.35529791051374,6.051494566815768,-10.430432681371075,20.042709395848334,4.726806502287745,40.91677864282032,-143.3412046245289
204,-7.0155684177315765,104.5455359708417,55.586347103757284,-29.73518228619679,46.31122660838704,65.84318223566952,268.4417507804799,5.9582327879750485,-10.471870933128892,25.087696352007168,11.129134973505899,26.929856853136933,-149.02553069311338
205,-6.991571963429643,104.43081659156226,55.68483367633381,-28.630425405714732,46.907744547831115,64.3468587989081,269.8909416903461,5.852807487439598,-10.493522782824469,31.286445687211756,15.611708892251247,16.391212967599778,-153.21580202021417
206,-6.949090318297752,104.36230582670275,55.64894607865088,-27.29629866707692,47.4968573947532,62.84432603682108,270.79451915717544,5.733789774138551,-10.486979703450409,37.94374550197834,17.652234478890406,11.147458168223721,-154.92140879577852
207,-6.871624625484012,104.30751082037392,55.4980558680217,-25.7828179630881,48.08388957915394,61.338015892617555,271.50387593858625,5.599644029987493,-10.446702041363016,44.305401586363466,17.089893197621947,11.534959275504873,-153.83124397754403
208,-6.747023411447039,104.23622425991316,55.26475496888339,-24.158484228564696,48.67388332299329,59.82764733049565,272.5909260424413,5.447966482442254,-10.37127501794548,49.68789749889786,14.1873780307006,16.4761142790111,-150.33137093763855
209,-6.5695318409997165,104.12759051112407,54.98912925523699,-22.49721157764939,49.27002654626304,58.30928373401566,274.6932804270871,5.27518996263636,-10.264150257525355,53.59852761793016,9.623109770782063,23.93203734261313,-145.3192039554468
210,-6.340839417794304,103.97386401372532,54.712446749240044,-20.8665643695107,49.873491196509406,56.7755474038388,278.2906470722949,5.077071950171259,-10.133635855737738,55.81789462030437,4.37361681062446,31.553296545888013,-139.87812243153203
211,-6.069660631776759,103.78027693154927,54.47135561502768,-19.31955396839174,50.484436511878975,55.21716504608596,283.49951958797476,4.849975326378268,-9.991920030900399,56.42356307586133,-0.5114277774087362,37.3223498580938,-134.91944537036574
212,-5.769712035579579,103.56164466465748,54.29344330116123,-17.890941893790853,51.103411940849945,53.625466636599015,289.96976028175965,4.592567699117745,-9.853138041823636,55.74788785162452,-4.17536057091528,39.995377534697575,-130.9107821985921
213,-5.456528253108389,103.33727255425143,54.19460891444633,-16.597522066665054,51.73227237878991,51.99508124117292,296.9165000717111,4.307293959438603,-9.730846551391974,54.28048237605569,-6.157385844496947,39.23475987038935,-127.78150491870014
214,-5.14409165821848,103.12601768229887,54.1783124765535,-15.440805356456,52.37404849072128,50.32607968010393,303.2575168308983,4.000971345195417,-9.63554354397939,52.54072913193864,-6.448694400433971,35.44727408440948,-125.03571290814708
215,-4.8423901117216515,102.94291944175023,54.23657078098557,-14.410357421801109,53.03181105911648,48.62513959743834,307.7948031937913,3.684165714051544,-9.572893703455938,50.953607510932486,-5.3901740374204685,29.45008580567122,-122.03441506090797
216,-4.556626709428737,102.79791131314315,54.352591229108874,-13.486727996789867,53.707099213560596,46.90566585227587,309.39460140043747,3.369516234129795,-9.54307777430097,49.76103717252246,-3.4773335543807775,22.128231049069434,-118.35138766405862
217,-4.288069342787563,102.69621982652819,54.5049352060099,-12.643930273912353,54.398667631073636,45.1869516637303,307.15401809811726,3.0696148939509653,-9.541307401915626,48.990781160825954,-1.1734909552634532,14.214300299413814,-114.07346456179229
218,-4.03584273010277,102.63951725893084,54.67281996104865,-11.852119966150363,55.10209475144967,43.492445714642,300.55362880310275,2.7951642549236473,-9.559204922420614,48.487582825648964,1.189988360388806,6.241635383130403,-109.9209175793307
219,-3.798675760419063,102.62686378042618,54.84164822788344,-11.081149689104647,55.810361590029075,41.84721629525827,289.576000481795,2.5538917215022323,-9.58657002465828,47.99231344882832,3.4049422342390683,-1.3631868747257376,-107.11752689904768
220,-3.5758006759560708,102.6548791747648,55.00744139906034,-10.30515666733891,56.51510762754117,40.27490006120065,274.74995953843273,2.350284952922014,-9.613078073318391,47.24253002254237,5.302813040826336,-8.14156815384588,-107.02945231549106
221,-3.3666862711418037,102.71720350571518,55.17886205987771,-9.507623265135745,57.20806445853593,38.794673119010504,257.0913773325048,2.1858895854692832,-9.629610182159055,46.065780359208155,6.659529963531368,-13.522654204566296,-110.68091523009892
222,-3.169840294533867,102.80384334820204,55.37599603711464,-8.685729681525203,57.88220566965329,37.418857786468166,237.95224411781635,2.05981388654975,-9.629082831327537,44.441661448003465,7.152439061826131,-16.86705055807168,-118.3059649544267
223,-2.9813558239473026,102.90118150846405,55.62584476639781,-7.852508875139579,58.5323771461551,36.151573129964554,218.82929326405554,1.9691812945386387,-9.606746232652545,42.5162424845315,6.4063988800112455,-17.62562543764059,-129.08970750696548
224,-2.7940440017786305,102.99313803106489,55.95532667892199,-7.035524853250222,59.15545353634917,34.98847342454416,201.1890834471152,1.9094453967384737,-9.55997325661108,40.564584682092814,4.119510778684206,-15.534003528961675,-141.19560825816728
225,-2.597772988966493,103.06336562685752,56.38334873171921,-6.271666108688728,59.7502399630642,33.9173490985165,186.33452076651494,1.874638758164431,-9.487632931532326,38.91384826585654,0.2121455262951371,-10.741124526228628,-152.0966684729622
226,-2.3810891550944033,103.09782741866802,56.91406977532528,-5.598991666025017,60.31729870484665,32.91935431841793,175.29738891967364,1.8577168250931195,-9.38925613216099,37.85431471603964,-5.073992896614036,-3.8128269802450516,-159.15526602358955
227,-2.1336197020400074,103.08698098674155,57.53360370877757,-5.047779803590093,60.85868311031678,31.97080538149114,168.72814008219012,1.8511441234858184,-9.264296453517948,37.57149075169381,-11.172868245738382,4.374562937474159,-160.3331518883111
228,-1.8484488084759678,103.02709110650406,58.21177273174699,-4.633319807649139,61.377416957577466,31.045633484780588,166.7779468653339,1.8477396001649007,-9.111787233670606,38.12544240126678,-17.28233635504375,12.7886094480263,-154.85322011847254
229,-1.5237285842488921,102.92060197247025,58.909020628057135,-4.3523247223154735,61.87666484911072,30.11849282230072,169.0062183745864,1.8416125780346277,-8.930570961957063,39.48237933151477,-22.502025319216852,20.38948192327353,-143.59669791607553
230,-1.1631274420567526,102.77570644362771,59.586668985008366,-4.1835231562394135,62.35886888112942,29.168239467085893,174.36606651380026,1.8288965025274622,-8.720070130654939,41.575638914870616,-25.97655415326507,26.25736193310444,-129.04910628573222
231,-0.775133615359665,102.60523010485876,60.2172033587849,-4.09167005106423,62.82540827788075,28.181198478997295,181.30461588755503,1.8080008897971442,-8.48135768894332,44.35608223361321,-27.019460083093303,29.704535187150157,-114.73497876329836
232,-0.3715448254164343,102.42491003401686,60.79100522735567,-4.03338196714336,63.277293392858205,27.153524021715647,187.97625762442325,1.7792457492390823,-8.218156990856611,47.79887250337379,-25.212450884744275,30.367537443220655,-104.27138848845858
233,0.03440613757535224,102.25124955173402,61.317132296306724,-3.9630300863175134,63.71698214202363,26.09209101867967,192.53076013092434,1.7439617659434534,-7.937406443029456,51.8616834458656,-20.48133062606849,28.255670875333056,-100.3310762899674
234,0.4299192712841979,102.09930373666108,61.81789678129924,-3.8373800912244707,64.15080799961694,25.013647428221997,193.42252422283025,1.7033553101003422,-7.649144155772448,56.422119610007684,-13.145239352532244,23.73479713509152,-103.84725543714508
235,0.8043135315152811,101.98080843988815,62.319148589335065,-3.6185462857508024,64.59105293759855,23.942264038702508,189.68989201232074,1.6575532141939897,-7.365638991599103,61.238864782356245,-3.925731654424597,17.451179247629902,-113.69623906713848
236,1.1505106887087224,101.90293256194094,62.839479198493564,-3.2757190233663858,65.05664389529252,22.90537964156513,181.15742937542902,1.6051799620692564,-7.099866850955723,65.96860869626373,6.106488474714748,10.223488009497327,-126.92658959447583
237,1.4662596328923363,101.86772628302693,63.38168466688151,-2.7865437909214905,65.57184677892793,21.929002130384127,168.50968518949307,1.5435847131006604,-6.863582448073706,70.23580507636085,15.668022133240552,2.931230076254199,-139.45423255688095
238,1.7548270856633026,101.87221086745,63.92898930809011,-2.1387643682842516,66.16298610932716,21.032936029109674,153.18692933156757,1.469549792361646,-6.665342582340041,73.72028018063767,23.483002799842136,-3.58796619069445,-147.05527918108098
239,2.0247113301996675,101.90903153533621,64.447214020676,-1.3320778793682828,66.85383276690295,20.22714712348715,137.0892844478652,1.380153245615286,-6.50886987615805,76.22226089991979,28.54901047923195,-8.630220223067928,-146.4448570591208
240,2.2880809909146635,101.9675857694789,64.89262875330526,-0.37961867759803314,67.66067024360427,19.51028436896632,122.14897552961801,1.2735126428378345,-6.3921025098696544,77.68578567071535,30.372555422457463,-11.700719423392227,-136.20023884960594
241,2.558126246870265,102.03547650346637,65.22379049648939,0.6916253132587278,68.58814735274696,18.870803445290992,109.90059421377825,1.1493139641046148,-6.307171594966352,78.18759714065405,29.089989015676384,-12.55782259015005,-117.27803363536584
242,2.846036520933573,102.10003985845775,65.41439914709491,1.8419771823274589,69.62692458753855,18.29026677341738,101.19012316931993,1.009150484368498,-6.241393874184277,77.90832421847925,25.42634880125191,-11.210073750859761,-92.93438116114434
243,3.158510778595271,102.14963585223356,65.46352712091337,3.022084888409613,70.75384429989072,17.747700977238118,96.09771948608879,0.8566857861985858,-6.179169421813342,77.09600509600232,20.50882461643453,-7.862672369167107,-68.0125172799488
244,3.4964462340379545,102.17444371314562,65.39999710296925,4.177802692729989,71.9348563085563,17.223755610170763,94.05036076222952,0.6975974476872375,-6.104460758717713,76.02460681603809,15.605401271521966,-2.8320484519506253,-47.77164593365161
245,3.854955333888186,102.16669347344711,65.27928687636594,5.256621805223093,73.13023640665689,16.703811654334658,94.0346177708859,0.5392596686125898,-6.003363999815214,74.95206814974416,11.873985497109222,3.534032384390102,-36.59400011895831
246,4.224449194595042,102.12051860618907,65.17356361269243,6.2148954347120915,74.30096062922864,16.17978084548592,94.81872650091569,0.3901731466516533,-5.866234911509488,74.08783920525735,10.183148181285993,10.894198022011002,-36.938508614000824
247,4.592358131545025,102.03177754424459,65.15739107858921,7.024694778309536,75.41476907277831,15.65075173531361,95.13628573348717,0.25917457949946054,-5.688940214956326,73.57902285124827,11.025175865833104,18.897703874208663,-48.80535674166454
248,4.945092545051858,101.89814673517805,65.29266051644372,7.678905530577767,76.45065324446604,15.122750362297307,93.82899586647201,0.15444634238620417,-5.4730411333575955,73.51606714006363,14.508078957499265,27.137975417446526,-69.8051533963391
249,5.269969253686035,101.71956052110423,65.61627006807369,8.193190403026028,77.40108398254579,14.607797426160682,89.96517838352477,0.08235602264398958,-5.224991545941643,73.95060656609898,20.395059713306125,35.1176714061965,-95.7709157537451
250,5.556964690482162,101.4988050149428,66.13331487835735,8.603722361640777,78.27189064191698,14.122342615655581,82.94199347794718,0.04622941498442813,-4.954635221143683,74.91530676732981,28.159472242167475,42.261996365484606,-121.75072742113076
251,5.800244114422164,101.24190405913474,66.81736849553033,8.960254530623326,79.08003221246412,13.685171332214852,72.55808702964077,0.04529479762001734,-4.673353911581116,76.43733573669671,37.040100173730785,47.993266645403246,-143.16276424557142
252,5.999380552675043,100.95793712896891,67.61794835743196,9.31527081447012,79.84961498397448,13.315015923418464,59.031601864570156,0.07416725657580583,-4.392176713420133,78.5396069510742,46.10732643730716,51.84989598800634,-156.8547696871334
253,6.160017899604128,100.65810573254491,68.47350334908346,9.711472900044058,80.60667283760874,13.028250577497127,42.94783408314044,0.12324030205264387,-4.120089184213863,81.22849235549697,54.36754621739137,53.6076788459162,-161.7917384702785
254,6.293595279457736,100.35416279330474,69.32654977108888,10.171055774998688,81.37358429368912,12.837080788849057,25.144261983023107,0.18010678114820497,-3.8627419104460414,84.47646820763063,60.92490222710517,53.34972820389586,-159.1475063471476
255,6.415833050558206,100.05663506849211,70.13661306516721,10.69033152747759,82.16437435629456,12.748521395169927,6.5613729286918705,0.23170431596906943,-3.6217569743956997,88.2172931834924,65.18506062060654,51.44155184281728,-151.73939576949124
256,6.5440422901627775,99.77345904652381,70.88712015335072,11.24192789079352,82.982153453372,12.764255760676953,-11.906034046468095,0.2665320814992863,-3.394804117707651,92.36681652143645,67.04355417872361,48.40328166973621,-142.9856756867655
257,6.693787185581483,99.50956939216329,71.58445128831711,11.784364475072254,83.81935397620504,12.881281111119161,-29.53102502080088,0.27627040143625187,-3.1764867980202087,96.8610820618607,66.97959416102316,44.722781060484486,-135.76795395898745
258,6.875726588705079,99.26758576269731,72.25023827715411,12.276213778156537,84.66043897888309,13.093139890826398,-45.83956004356536,0.2564656491617029,-2.9598428093191584,101.68169056967739,65.9943988303154,40.69207592980358,-131.62257176289128
259,7.093434368757838,99.04922103997859,72.91037978361915,12.690355206201618,85.48590701702896,13.391521351026054,-60.659979106830484,0.20637357133451661,-2.738038544269955,106.84072746383941,65.38726869699448,36.34296051284517,-130.53204113940046
260,7.342716879208413,98.85670656722634,73.58506788734934,13.023725853644152,86.2761616389267,13.768048918293593,-74.14146246491599,0.1283063219401258,-2.5057578831893372,112.32878379699059,66.42824894456557,31.50464455429136,-131.32518651462638
261,7.612573869375394,98.69359297453498,74.28320581449368,13.299431124654337,87.01422057162449,14.21608673219587,-86.73905573742493,0.026832193011940914,-2.2599111727297325,118.06311942350575,70.03084909158505,25.944192467498866,-132.46203348868798
262,7.887583560566519,98.5646470337707,75.00259388529636,13.56047365370944,87.68698763424113,14.7323548942276,-99.15224179356129,-0.09194669026857892,-1.9995596511626625,123.87604419244778,76.52900531305279,19.519236986493844,-132.86620867902286
263,8.15116703637112,98.47497611512487,75.73504710152419,13.856920844100957,88.28544950291582,15.318044239477672,-112.20220173683568,-0.22095193926762566,-1.7252330543495986,129.55302725219053,85.61929119190516,12.281349210186779,-132.48279136688421
264,8.388968841805871,98.42877853985904,76.47388212550878,14.230385082208096,88.80440437311357,15.97905707013383,-126.65024955153302,-0.35256025944418984,-1.4379856324298335,134.89414379231184,96.46525858994369,4.500889104464758,-132.35615752756925
265,8.591579448282419,98.42817525338094,77.22046813497656,14.700626954736343,89.2422045972167,16.725093537058857,-142.99240779794252,-0.4790387332292415,-1.1385466445336283,139.76052242633898,107.90861983440455,-3.3796826423436124,-134.2047534579427
266,8.756046748121552,98.47244946434294,77.98701691156161,15.258501717293237,89.60072656720895,17.56759992265951,-161.29159096407534,-0.5931320207963584,-0.8268194454627437,144.08520595213068,118.71594954798078,-10.831188559584094,-139.66155705414337
267,8.885973013175441,98.55779400717472,78.79431568195723,15.867454762121813,89.88555158277661,18.516983330457265,-181.10599356532123,-0.6888766263342176,-0.5018350335654007,147.85713001554947,127.80843934446521,-17.32375082955888,-149.47938067038697
268,8.990314576070414,98.6774797856145,79.665102767982,16.473006729387443,90.10617750602202,19.57976183682779,-201.53755236299952,-0.762570321183872,-0.16212161821672816,151.10296287584205,134.45007034717088,-22.392795005061416,-163.0195590984678
269,9.081208338255955,98.82232372829729,80.6155182961974,17.01712028085089,90.27595541785637,20.75632060415313,-221.38235163163162,-0.8136536795154541,0.19365768922845442,153.88296506537475,138.38094039841673,-25.690676617319813,-178.2436761451299
270,9.171249137084022,98.98143651765331,81.64789803621773,17.452914305597183,90.4114047209535,22.03974144525827,-239.342547539218,-0.8451618302308284,0.5660079349698813,156.2935663415518,139.87625869339763,-27.042795261992193,-192.24299681521606
271,9.270672599585126,99.14333712073885,82.7477826735733,17.755399384843976,90.53069439223381,23.41592630001142,-254.25801278038594,-0.8634661813451229,0.9540625524295245,158.45299739228184,139.70652120767843,-26.516272143031713,-202.1356348217462
272,9.384891106515905,99.29750041484048,83.88652258601924,17.925589992894658,90.65139115891536,24.86501569319908,-265.3169885619714,-0.8772303628896049,1.355368427152522,160.45369721270364,138.9876593601369,-24.483090030988716,-206.02181373750233
273,9.512802525089894,99.43622247741493,85.02888278329564,17.98769597299763,90.78793620776037,26.363867140250385,-272.2010398983139,-0.8957330908499009,1.7660670230278648,162.29315821328834,138.94232412703474,-21.63718424251786,-203.67380321925597
274,9.6462250835728,99.55642031297529,86.1433989921912,17.981102529694347,90.94954516286877,27.889094140273755,-275.12405855754815,-0.9268589700387997,2.1814256279333577,163.82150185512992,140.62944562799944,-18.922978186252546,-196.74695237937584
275,9.770663600949195,99.66077326739197,87.21248140164982,17.949872872038178,91.13921912286571,29.419979974748617,-274.74962552435625,-0.9751171414534069,2.5965753629328647,164.74712238614936,144.71810236874626,-17.359196262410904,-188.46876287863392
276,9.867359800597722,99.7576279183028,88.23950762760457,17.932521056146665,91.35428499226266,30.940590619862114,-272.00645534067866,-1.040067397213535,3.0072758353542417,164.7169979403062,151.3716322033204,-17.791102564210487,-182.91435579420803
277,9.9162679001666,99.85942128318217,89.25108100233741,17.95419585823422,91.58840645341076,32.44062078988126,-267.8497920235641,-1.1155320998656226,3.4105640747470294,163.4517008043796,160.27195467189728,-20.652789853534024,-184.0609043093442
278,9.89934133857737,99.97993331916494,90.29381834284756,18.022615698889645,91.83445870060831,33.914833083982984,-263.0304050197615,-1.1898982201483679,3.8052294480915005,160.88856278396696,170.76740112281172,-25.834819929647047,-194.8328333847415
279,9.803432222714907,100.13117333138158,91.42618172295995,18.1283012123858,92.0872564309802,35.36131550321851,-257.9329323357433,-1.2476132708617302,4.192138311120539,157.2807545391148,182.0879785054527,-32.71408262967295,-216.3371781143426
280,9.622228464992173,100.32084785931336,92.70690910072486,18.248818327157533,92.3451033616195,36.77911058697493,-252.52886981256609,-1.2716843503884383,4.574468720898349,153.21275918339867,193.5512862308572,-40.331915092492814,-247.4686893714821
281,9.35694877437655,100.5510816337873,94.18250743653273,18.355767690196192,92.60960275039317,38.16595019162822,-246.4563214829845,-1.2467112717242994,4.957881617484269,149.51873386144837,204.68652640288886,-47.64799672318333,-285.0219522978147
282,9.015891971185075,100.81856819101965,95.87682763736217,18.4223114942822,92.88396579947586,39.51678418689035,-239.20048398502686,-1.1618272620429315,5.35056532855934,147.12367387628277,215.23965612458247,-53.78499697982242,-324.3440834437047
283,8.613216510377313,101.11591253178767,97.78552252233486,18.428679910975227,93.17077469293386,40.82354201818587,-230.3209579818665,-1.0129249401044327,5.762999899310272,146.85368551547236,225.0837489849822,-58.208948315264614,-360.39385054209055
284,8.16731928304862,101.43375755862716,99.87695882587875,18.363854876736767,93.47040684576946,42.076207230030484,-219.66118423898521,-0.8036953385587385,6.207256570148155,149.26610382466407,234.1121102776817,-60.829393979410185,-388.9129462236057
285,7.698911235887198,101.76328836418634,102.09925066452293,18.223317357832297,93.78097776975687,43.264918021146734,-207.48119070801852,-0.5452623280935517,6.69571690632154,154.53548386212802,242.19728098725625,-62.02122503502696,-407.36487736376154
286,7.228645318259812,102.09871247864858,104.3913355556701,18.004456097362503,94.09991174378116,44.382519178620605,-194.47443984253147,-0.2544916769952466,7.239274467456285,162.41360961731777,249.24841659446614,-62.566644932234965,-415.39593777358016
287,6.7742367476290735,102.43925761605155,106.69516212563168,17.701998215376808,94.42649422134377,45.426846120989886,-181.65780136042383,0.0486936731307233,7.8453145829578785,172.26860996859972,255.3275317575174,-63.51421804327692,-414.75309644282237
288,6.347422600178663,102.7902083674258,108.96620487375759,17.305367506017227,94.76434401212015,46.40204881869108,-170.1548871917141,0.34451874855820447,8.515940181764904,183.19576565227004,260.7405470906883,-65.96791637789771,-408.7421740403342
289,5.951538845386975,103.16263147832387,111.18021951086462,16.798766530727935,95.12278135721701,47.31846380028989,-160.92293045545645,0.6165721879306186,9.246928356215072,194.1767291728973,266.02715819139985,-70.84166450616009,-401.3754333989826
290,5.580616127769336,103.57169254416006,113.33499410758738,16.163813127233706,95.51645026096777,48.190900007863895,-154.49677779499166,0.854540030463154,10.027754953457675,204.2492342390637,271.8242796118258,-78.62273767659347,-396.38071194238563
291,5.220579409597675,104.03371317615716,115.44682020133554,15.384097163465402,95.96311133126069,49.03566362099332,-150.8302344093024,1.0560103922281363,10.842771885706926,212.6457618012794,278.6416873661192,-89.1785034223406,-396.2774287322188
292,4.852502191812479,104.5622937858825,117.54262111176011,14.450831411217752,96.48012552640317,49.867078924758296,-149.29302405891224,1.2270159025281697,11.673336940419238,218.87305685231968,286.6370567517969,-101.63810776117937,-401.7547304282474
293,4.457179323544617,105.16403662176542,119.64993107013314,13.368488329418563,97.08064479035279,50.694477887271645,-148.8299853270542,1.3812341464991647,12.500451067624212,222.72991665416018,295.4925872010152,-114.39849488420164,-411.5475371440016
294,4.019804548037982,105.83474994744026,121.78764560684094,12.158957865630393,97.77069891929963,51.520489214967,-148.2278401231763,1.5381303789463205,13.30733000621354,224.28428080546738,304.46823368707766,-125.31692051810192,-422.8629362581334
295,3.533445142317609,106.55733798044801,123.96016405569564,10.862731394386348,98.54809219974067,52.34099174880103,-146.396111362314,1.7206214598286922,14.081374751995238,223.83944594066887,312.6405864508486,-132.1138964138136,-432.2168190813792
296,3.0003587376999303,107.30249515551904,126.15628041219597,9.536213510149722,99.40341794267322,53.14652371035249,-142.57348678516712,1.9528794458398606,14.81518249564024,221.9102372910787,319.2540797657551,-132.91523579966793,-436.40415148698634
297,2.430905752113296,108.03260055662014,128.35254885190196,8.245303556566704,100.3228632047702,53.92452550398072,-136.4136950098148,2.2586569149838236,15.506469151677434,219.21001101498268,324.0507959917256,-126.76736137163849,-433.30965230114253
298,1.8406150680641906,108.70808925621758,130.51952113539332,7.056370503437795,101.29204100430051,54.66169653834092,-127.95963169462398,2.6601502207852756,16.156986816560696,216.62927661006879,327.4401903279694,-113.93935563371285,-422.3495479780463
299,1.2465253935825575,109.29463587194628,132.6285697366915,6.026288541599215,102.29988016840471,55.34594222811483,-117.55229939501565,3.177114088992771,16.770707558725594,215.176620829575,330.4273765727068,-95.89980835628093,-404.45925653101455
300,0.6640115763415967,109.76920003982119,134.65700627943366,5.193250586701932,103.34156700667639,55.9677126483028,-105.72619606468383,3.8258394807554565,17.351718392383113,215.85896077788158,334.31359320741177,-74.97966870449964,-381.66479757204894
301,0.10490722554582846,110.12341261573447,136.58981720988098,4.569795679766827,104.41970278905889,56.52078756796163,-93.11920518976368,4.617760401019057,17.902384365304037,219.5012021208301,340.2726416556099,-53.8307807923662,-356.38358697682014
302,-0.42291757571906047,110.3635889122135,138.41747594212833,4.139094395233318,105.54330137331159,57.0026244323072,-80.39506205053341,5.557816020499021,18.422297813546752,226.5370244459305,348.95319936935533,-34.82017418089478,-330.6760933940524
303,-0.9149437718137856,110.50741429238481,140.13069338132672,3.85517990001127,106.72493764600297,57.41430150619257,-68.16461459138777,6.643084530386776,18.908305248620735,236.82782863405663,360.24153866499233,-19.47517050022554,-305.6823757015322
304,-1.3690478284946792,110.57786322837119,141.7141482794935,3.6474504394711498,107.97699653653655,57.760013502173905,-56.903088799137265,7.862379583982164,19.355553020957544,249.57186876539626,373.2544486306638,-8.062336542349486,-281.4098459030787
305,-1.7848263929468955,110.59530352242963,143.14168985108913,3.4292053886579232,109.30826160280517,58.04611304500273,-46.87691241731893,9.197310575065936,19.759136708572985,263.3465030987881,386.5504263456578,0.6208335767268027,-256.9148393126072
306,-2.163536090102918,110.56920174724672,144.3750293675629,3.1091098402271085,110.72189346354958,58.27980040405401,-38.09820293301514,10.624813543919181,20.115699110331075,276.2924217615122,398.480656108805,9.153477932433915,-230.79499163696974
307,-2.5086098950129347,110.4913378797417,145.3667896418069,2.6035590386592404,112.21526892336097,58.46765440221479,-30.319162849392658,12.120595805281344,20.424308339810143,286.414632588706,407.5682219824734,21.03841949206604,-201.82939072787448
308,-2.826337904649564,110.33258659655655,146.06750104781835,1.8474834903666004,113.7813926647772,58.614243981316136,-23.073930607106725,13.66259478668941,20.686219142814693,291.9501443643096,412.80947619987575,39.92785386877697,-169.5813530169767
309,-3.1260379194768007,110.04471570032176,146.43518702663619,0.8016569775668813,115.41090273558633,58.721099619961755,-15.773646931182222,15.23361668072599,20.903611265114883,291.73477508721703,413.8307423490655,68.7089592871593,-134.79895728975686
310,-3.419076952530197,109.56723055838093,146.44572356562566,-0.5440593624255595,117.09334645093729,58.78635244942718,-7.8506906356125254,16.82274523442422,21.07789296564654,285.48697777326606,410.8903599605076,108.73675746526797,-99.50024335483951
311,-3.7165704570956013,108.83752993314624,146.10208608444043,-2.1706694261549284,118.81668795199624,58.805282282013465,1.0754244333076686,18.425623020430876,21.208377448147576,273.922453490094,404.7652447593586,159.4944459390421,-66.71868769421815
312,-4.0263484547066275,107.80132423633103,145.440784565764,-4.031811069859642,120.56500684653409,58.771784651761074,11.062881536378535,20.043993903926182,21.291923422277733,258.6392189155473,396.5814001837339,218.8251528166419,-40.002142360087156
313,-4.350405995868804,106.42003767536507,144.5342068375436,-6.056725856420356,122.31567504259593,58.680421608788876,21.80069035484382,21.684821502412035,21.32358057653902,241.77943628354222,387.6367400705673,283.6763877763614,-22.85490926122705
314,-4.6840950296773975,104.67285283178059,143.48826792088516,-8.155131344482943,124.03816545421668,58.52842761344222,32.68071708436247,23.35898912571263,21.297727697309664,225.55991536462906,379.24027515224265,351.12840598864227,-18.31832257321335
315,-5.017667983048339,102.55269341849952,142.4356255910811,-10.225249119878388,125.6963765528826,58.316989974829134,42.96772975045869,25.079333830288363,21.208968870009052,211.8181751908721,372.5758382694832,419.40347761732966,-28.770605827286406
316,-5.339808525820167,100.05716798936439,141.525463999539,-12.165247736483584,127.25493266077864,58.05139667353216,51.99869603502778,26.85784198866361,21.052266118417215,201.70618390346343,368.5961668651109,488.5673222162379,-55.83914696724161
317,-5.642015419624005,97.17694757565187,140.91098200327426,-13.88635409562324,128.68801695963646,57.74012440975372,59.33017591339805,28.702281055933938,20.82226451120886,195.58733544703597,367.9530943325725,560.6948864422473,-100.1609352622472
318,-5.922486729627192,93.88509160632759,140.7349196239447,-15.32434944698232,129.98781696845606,57.39335720835433,64.78419583635075,30.613082772772117,20.51221214723645,193.10501351093995,370.9617880421743,639.3641724457797,-160.70995481716383
319,-6.188469419521198,90.13127532391398,141.112063994946,-16.446336984870236,131.1692516968933,57.021562473870375,68.39551603630949,32.58149785020014,20.113085393613986,193.34550165732267,377.5833079669153,728.4860043401221,-233.60285747736117
320,-6.456592849408917,85.84431274498371,142.10691128476552,-17.25160209087771,132.26850660630706,56.63458714086621,70.30518729943557,34.58969411555623,19.613489109922696,195.02802402356753,387.4020005036202,830.6849244763141,-310.66551580266497
321,-6.7511748001294745,80.94449958723285,143.7059170269184,-17.767941930896534,133.33480811403993,56.24140424959431,70.66095501688473,36.6127568603709,19.00071152325226,196.69377166988,399.5858884075218,945.6599826114287,-378.4242281780891
322,-7.10077810633067,75.36438156331816,145.78738656625444,-18.046476199877947,134.4171963515635,55.850300059717036,69.5744677231231,38.621901256237884,18.263026044900815,196.89609998638483,412.8503406589837,1069.0581866042824,-418.3361525492882
323,-7.533509635021597,69.0735695150985,148.0966905634161,-18.157736160798752,135.54988954032765,55.46907810321124,67.1535077316726,40.58795733593597,17.392937879924645,194.39628234757933,425.478133831945,1192.297434411863,-408.84588415774533
324,-8.071805466227199,62.10140163215622,150.23772906736116,-18.190015856694252,136.74037449968216,55.10487118650096,63.584383899885495,42.48436258066866,16.390625032669288,188.3502386631669,435.4559999789866,1303.4987682627182,-329.3067794175943
325,-8.727733856980043,54.551329133117044,151.69133559616614,-18.24873603806597,137.9633839568953,54.763418080930904,59.20487147629342,44.28925924312216,15.266504778962508,178.4523140961186,440.7575991016187,1389.3504346678994,-165.15282400158483
326,-9.500031369006926,46.60277734991648,151.86690480904886,-18.454195793659817,139.16193875506067,54.4480610458732,54.504704789577346,45.98658778201103,14.041883511749267,164.99844762573616,439.7442364755006,1437.461708409628,86.82603005867668
327,-10.373937417340882,38.49921116481643,150.18570226702667,-18.935208450750665,140.2545684294694,54.15902164116596,50.02702900130608,47.56622488452236,12.747100144166561,148.84433056097578,431.58872354532366,1438.6459334161298,414.53458071462603
328,-11.324243980652085,30.524332144382647,146.18480069848312,-19.817556146809146,141.14647782905635,53.89350612459587,46.20323954269027,49.023337293415686,11.417315432101287,131.25551487868282,416.5833612858022,1388.6097375098193,789.349941320251
329,-12.32094545452943,22.9709546239811,139.621735308711,-21.20827152203223,141.7420824846828,53.64683676305219,43.20073430370584,50.35729626412931,10.086849763744066,113.66737585572598,396.1982309938315,1288.6912401345742,1168.6158562917917
330,-13.335887162814654,16.10856314188667,130.5547224454479,-23.178707356645088,141.9567664937739,53.4142752919623,40.867308431465815,51.570658338990945,8.783457298321887,97.3913304311829,372.82118118202766,1145.5316046321766,1501.9875514190576
331,-14.34835916741247,10.155572171873116,119.37469311145084,-25.75054157415414,141.7264746820538,53.192801646437125,38.81093813785067,52.66872343860601,7.523998368244413,83.32144067308018,349.2182865666303,969.8164494877032,1740.5679466947333
332,-15.347919329957646,5.260946406738752,106.77501608652024,-28.888794169495487,141.0144082945115,52.98207838777545,36.58500242910974,53.65994641124469,6.312622747314855,71.70973268347402,327.86358082537976,774.430498468845,1846.6499005036908
333,-16.33377258167494,1.497420234434463,93.66084124452576,-32.504423348796465,139.8143993593047,52.784189091612355,33.89723891531645,54.557029787055185,5.1418828157595255,62.07878039020973,310.35317166605074,572.487053946992,1801.386322827265
334,-17.31139359235957,-1.1343087436968182,81.01706599138002,-36.46649673944408,138.1505537991518,52.602280858770484,30.753148653182773,55.37801030511494,3.996322885726691,53.3165013079108,297.1058417546934,375.68364484512574,1608.240498750875
335,-18.28817666121805,-2.6934571399532117,69.76502455766982,-40.62123037220221,136.07282562688277,52.438685273030565,27.479410548360747,56.146316333274356,2.8573030443946013,43.952368348380865,287.4547749002214,193.28508412283884,1291.525372519267
336,-19.27020401420354,-3.2833150697511018,60.63825722111742,-44.81340563238521,133.64866655167128,52.29325064027185,24.626324568893974,56.88885871433917,1.7074211601218783,32.56006557955451,280.0890784835242,31.803021274334498,891.0553400910654
337,-20.26156801947487,-3.035595920922317,54.09783286098521,-48.90539733212307,130.95183347859827,52.16247320686336,22.792950700363882,57.63182354599532,0.5331029642986244,18.18650751758458,273.6731993012698,-104.76700117684902,454.97926738208554
338,-21.2663808243837,-2.0975786781596097,50.29405295369442,-52.79014641857338,128.05049110210734,52.03968278073121,22.439110193455907,58.394823028212144,-0.6753003662337573,0.6864680293056556,267.41453881864913,-214.39929561261846,32.71651909692423
339,-22.29230880483664,-0.6230255238230265,49.07139209571689,-56.39630626512665,124.997363548753,51.91617114239019,23.745462969286617,59.18503678271826,-1.925531057587423,-19.141905996766006,261.38332384435273,-296.4405186148888,-331.05572416545687
340,-23.353755071272513,1.2335857255002871,50.009960926479295,-59.685848811902936,121.82443572627771,51.78285845578535,26.56483294414525,59.99346784606297,-3.2262909622779485,-39.66856399532682,256.48874107221,-351.16551119839926,-601.2740162859872
341,-24.4728418391098,3.320975786779116,52.496500476387226,-62.646152566575374,118.54358301147192,51.63193218836414,30.480631544106785,60.79517582073971,-4.589284591802533,-58.755970327540616,254.13505386709122,-379.5971776653806,-756.2416816247817
342,-25.67696557659549,5.494917674824355,55.81635659284412,-65.27969262736214,115.1529365562795,51.457906428851544,34.954225767424475,61.554351279242375,-6.029038440607842,-74.1928256347517,255.6807269994687,-383.57427570842736,-789.8733965572071
343,-26.9927736879572,7.623317784754182,59.25405589680869,-67.5947425194666,111.64726514190372,51.25776209629617,39.509061856182484,62.23355576921774,-7.559981153100725,-84.11224509167593,261.8761974489141,-365.92483197043106,-711.8360754491403
344,-28.43777286919424,9.592635972627818,62.18728367957935,-69.59994350534198,108.0295091250452,51.03020377892694,43.87993320284404,62.80478311339577,-9.191423513484487,-87.30158117518086,272.4484414647365,-330.5444309024535,-545.3917072866113
345,-30.011938080873836,11.314505276412358,64.16050132371856,-71.30427277915682,104.32014304167447,50.77446963791031,48.0662024968476,63.258929312407844,-10.921988644683587,-83.36576534376809,285.9443860883003,-282.22964649517667,-323.3862444641984
346,-31.692013630359643,12.730742708678209,64.92924491494416,-72.7220089527367,100.56162466377542,50.48935678555097,52.26852018540095,63.61051765081344,-12.735352929974844,-72.74666644153808,299.87607063520664,-226.2429261477798,-83.10959883939368
347,-33.43051067589064,13.815116959882676,64.47094896553088,-73.88017674862269,96.81679468408456,50.17304143886182,56.738321007471086,63.89614182103357,-14.598846953928474,-56.6166544422222,311.15135615342933,-167.70853784339127,139.31812262095806
348,-35.160165006628745,14.571071173672433,62.96203482646388,-74.82455952455724,93.1619675462665,49.823926146530596,61.60009356426527,64.1671693883682,-16.465725608778666,-36.671026781227866,316.7155222042996,-111.00746248527956,314.32757917543387
349,-36.80335601003873,15.025705617631663,60.72579448444465,-75.62066198289959,89.67665637837973,49.4423211587801,66.70773884033318,64.47874431133403,-18.280986871911193,-14.856596260523737,314.2642946717859,-59.342704158367916,423.09518977404844
350,-38.284859048555504,15.221321745360232,58.161425292234064,-76.34806030313209,86.4321697131669,49.03243094130872,71.57959779570497,64.87772843834709,-19.989735751588302,6.911532586308361,302.84349503641505,-14.594281110602417,459.6074307690743
351,-39.54533483153831,15.206413920368416,55.66869496014073,-77.08933872131294,83.48113916916012,48.6039334000511,75.43479387902401,65.39224957979127,-21.546430864958236,26.99125763973124,283.1597474074977,22.508541768473762,430.15652714645455
352,-40.55241567760145,15.028005870987705,53.582821802030786,-77.91693147839734,80.84974799125443,48.17243065272237,77.32705159545874,66.02523225280143,-22.92301020454451,44.17644327325097,257.49914886613686,51.97504265039542,350.55318202214454
353,-41.30651980367752,14.726672560384056,52.13046657089663,-78.88188431509037,78.5340162973111,47.75826092719533,76.3402153390498,66.75360546075868,-24.113961164844962,57.771353562240904,229.2633158218837,74.06384977537998,241.88757981155499
354,-41.839751163660985,14.334634289663367,51.41201063542736,-80.00778668850022,76.50082949827852,47.383603498135386,71.78431792404909,67.53369929530643,-25.136979733943242,67.58630920918502,202.24460825025764,88.91425769393688,125.88783518827906
355,-42.208122158387695,13.876289296220744,51.40927869482777,-81.29136706567998,74.69347763782018,47.06836860906676,63.33097815312661,68.3118010348941,-26.028932041281884,73.87256552903439,179.83500502804634,96.45196466745354,20.869357503220037
356,-42.479228087721424,13.36991080091386,52.01274246583807,-82.70912989905868,73.04049228838957,46.825819200084865,51.05671882462442,69.03737064461664,-26.838129822607485,77.21613684171272,164.37132965243626,96.59978114111438,-60.97312248946579
357,-42.71871153266612,12.829320701750335,53.05888635444842,-84.22756963942221,71.46584575725548,46.65903231152492,35.40350596195608,69.67555099214059,-27.614995290597356,78.41170016671924,156.7616426836502,89.67099023993006,-114.55924783031894
358,-42.97895984413204,12.265081483888219,54.3676020776942,-85.81347539504803,69.89843840409662,46.559148193753614,17.0910070024894,70.21570282891008,-28.403543285621485,78.33889045862641,156.43922886580188,76.73083305785234,-141.29647082250094
359,-43.29253102362091,11.685538423190842,55.77153968319026,-87.44100665588927,68.27934376130844,46.505981339700654,-2.984548372461002,70.67370877224853,-29.235576723827332,77.85926309917774,161.59689140000333,59.7392274989647,-147.34703479580511
360,-43.671239261879556,11.098265051086223,57.133502319570724,-89.0935409765224,66.56627197786631,46.47108710910645,-23.843217954336623,71.08737281549784,-30.128362523701902,77.74085088682983,169.6027202556892,41.40299682855925,-141.49431550732496
