,time,Hip/Shoulder Separation,Elbow Flexion,Shoulder External Rotaion,Shoulder Horizontal Abduction,Shoulder Abduction,Lead Leg Knee Flexion,Lead Leg Knee Extension Angular Velocity,Trunk Forward Tilt,Trunk Lateral Tilt,Pelvis Angular Velocity,Torso Angular Velocity,Elbow Angular Velocity,Shoulder Angular Velocity
0,0,7.038868183615941,9.471783730434208,26.40598142663286,28.825922015310706,13.661405901269648,20.248256233499966,150.85571978486237,6.14389733774134,8.93311986323767,37.492416776745564,19.3943740514538,45.53041230506086,50.207452076946396
1,1,7.012735574059097,9.561571471474416,26.357501477234297,28.82719540944112,13.604397952120818,20.33596925661333,149.6644022912128,6.091221691222609,8.945537176191626,38.30643526137266,19.248471344946278,46.26780630315511,51.965253553460286
2,2,6.981500406764966,9.652851055027693,26.30276621657392,28.827931191613153,13.54635033188852,20.42730123360489,147.92966088391915,6.040444728704852,8.952786485349996,40.31544532922946,18.827941732756386,46.844302371317134,53.510704996997006
3,3,6.944958165470206,9.745153136027257,26.241523078150653,28.82570582608008,13.487475887951407,20.520132267807114,145.75997232569622,5.992350638135824,8.954715871210123,42.90439609545061,18.430403538178904,47.20188527475768,55.28909287368032
4,4,6.904170343757569,9.838633833291338,26.173382635515022,28.818419939862515,13.427538327363603,20.611982306730276,143.27344448130742,5.94765729841867,8.950776370889562,45.288013203965924,18.63187934595403,47.30126583698845,57.52847413480932
5,5,6.86131723776598,9.933674316938385,26.097870990301544,28.804754136806782,13.365984393394399,20.700095120095757,140.5932622329509,5.906733356361265,8.940346065889928,47.04035333828852,19.747001459747676,47.25592752124498,60.069494814043125
6,6,6.819236193312934,10.030682144077936,26.014355162211327,28.784334898805074,13.302173903152006,20.781406297618926,137.8383417730645,5.86950421392329,8.923243061894697,48.134104014731115,21.405304433264966,47.308436132211234,62.52945331380547
7,7,6.780765216759323,10.129866634061562,25.92202737572178,28.757474127570614,13.235479194114914,20.85272501929276,135.11863272279598,5.8353792969230245,8.89986767297778,48.73285108279478,22.907579243007493,47.672506399372324,64.57788470414445
8,8,6.748144210540883,10.231143471990928,25.820014965396215,28.724745439422332,13.16536270458873,20.910959970815927,132.53694460402943,5.803316866046225,8.871245125790361,48.98528835445035,23.813720698043817,48.41033873852566,66.07451524678933
9,9,6.722674658873034,10.334084745891204,25.70757843842631,28.686446331155274,13.091499775116102,20.953445110946316,130.18872939223567,5.772085468757107,8.838700528524827,48.92062882638831,24.132900823686995,49.4414554697735,67.03804473875329
10,10,6.704610937570617,10.437860808532209,25.584291445420135,28.642320483031682,13.013731289564053,20.978269166458944,128.15358595068102,5.740614035827063,8.803416585930323,48.44302077237119,24.149661531477857,50.62694671789417,67.55891252961054
11,11,6.693275362650205,10.541420918164587,25.45037803653705,28.591539329572893,12.932095839321965,20.984356175084848,126.48228179930553,5.708243030150117,8.766099819262093,47.40831414396754,24.14124984523369,51.83814665231718,67.74887429397309
12,12,6.687384467301835,10.64363978665734,25.306697236581957,28.532824240698716,12.84680574137991,20.971687838374567,125.18903201940904,5.674881672674196,8.726732150215348,45.77119474292711,24.223071612494515,52.99481412290466,67.73065831791185
13,13,6.685218113939519,10.743581050892823,25.154715631720148,28.46479135197256,12.758215885773353,20.94105814537616,124.25513815348592,5.640952198309721,8.68463563754557,43.74081652296181,24.392089586078324,54.09900280649829,67.62948861120972
14,14,6.685003641506326,10.840769551068064,24.996196437352737,28.386233145862356,12.66669694343239,20.893959672082268,123.64127107220668,5.607078952488085,8.638772828967742,41.80360323448414,24.640690348540456,55.25223730410965,67.55596192277946
15,15,6.685033652409027,10.93550516736282,24.832765248084716,28.296292440587596,12.572615882286392,20.83224375855002,123.30100765769502,5.573907752158526,8.58805777972935,40.47758773876864,25.00857970237248,56.61827981659891,67.5957520328809
16,16,6.683718996419427,11.028870096284255,24.665248640114296,28.194415010782624,12.476165336403392,20.757961064510088,123.1894425770476,5.541905179400841,8.53179912705597,39.89674893879502,25.56145123365951,58.34137090603309,67.80722844114293
17,17,6.679609486083706,11.122754261803369,24.493109989225704,28.080268752547948,12.377424294185072,20.67313246199142,123.26631983428348,5.511305470936192,8.46984255207554,39.64896406922539,26.343262127887083,60.48308784667667,68.21132467927052
18,18,6.671397714855372,11.219665398053769,24.314059878886066,27.953503472080566,12.276428176171555,20.579737902529438,123.49828898193763,5.48214294307131,8.402652309119567,39.10653859371531,27.331774401333448,63.015541315819426,68.7749680600868
19,19,6.658012924678933,11.322418685574362,24.124469990462938,27.813803767863227,12.173361435584741,20.47964056296721,123.8613349175947,5.454371478582342,8.331144260590985,37.89937817804541,28.408038156540456,65.8465720832814,69.40015473961425
20,20,6.638749592684743,11.433764877712381,23.920698956790808,27.661161544354773,12.068704934192182,20.374701606036663,124.33789768128831,5.427976236977613,8.256449742681136,36.105833862334144,29.35733057271864,68.84390356162426,69.90675804788097
21,21,6.613585008960739,11.556101033718681,23.700820209516856,27.496296745620775,11.963351379665422,20.266771837376048,124.90437580165745,5.403050110549907,8.179605683209383,34.10600201247198,29.930711266017806,71.85701615078504,70.00608756803886
22,22,6.5831661512445905,11.691210002709685,23.46565858716826,27.320731425672275,11.85861065169131,20.157631776253474,125.52242109760438,5.379791109465758,8.101519299046089,32.300829741048915,29.969717014472195,74.74498475823397,69.35076861761519
23,23,6.548667245222128,11.840106485051782,23.21853197545219,27.136257898934115,11.755952153186932,20.048999215147234,126.15812202547549,5.358475150464563,8.02275335789861,30.939556076670854,29.53402925181792,77.40770785180393,67.7510355689774
24,24,6.511394802379243,12.003079373503184,22.963375990750073,26.943869357536627,11.656654439579329,19.94229984372141,126.82643711488944,5.339417095814744,7.943696615321763,30.126456531389486,28.920872954929532,79.81492441413042,65.44690238937832
25,25,6.472392611683511,12.179963947057821,22.702681193783643,26.742682970019736,11.561617050680665,19.838647440068964,127.61325394550447,5.322881427065652,7.864692683300574,29.860191533197135,28.504910972270963,82.02622739111008,63.13348664241447
26,26,6.4323673468752105,12.370472821959096,22.436271024471505,26.52965148553396,11.471086874030341,19.738875271058944,128.62852217839102,5.309098692480303,7.785998722024195,30.00766636931639,28.49253229240601,84.18775736626029,61.569622960322256
27,27,6.391594862469935,12.574572203263651,22.161635588833118,26.30032622259333,11.384784446391672,19.643605507342762,129.9208470412687,5.298265140600772,7.707866697907276,30.31754553046208,28.83388315554184,86.495517487071,61.064212862119184
28,28,6.349836692691808,12.79268245543301,21.875548239763486,26.05048571926734,11.30208652438989,19.553408375013657,131.4458370779604,5.290508293319663,7.6302040008304495,30.54991959035587,29.372649830809305,89.13324047850564,61.36880220560314
29,29,6.306431020083665,13.025649165212107,21.57597431727131,25.77792964861504,11.2223789226757,19.468959419425598,133.1233500685712,5.285821730979324,7.552377426461199,30.610088130657882,30.01968251565933,92.20708894707816,62.01782708517662
30,30,6.260391571410235,13.274507351093508,21.263372228410088,25.483404442652095,11.14536650819408,19.391243758458778,134.9008443238673,5.284103141343771,7.47299264185048,30.56178353428369,30.778402963695783,95.70399967908509,62.681601844115704
31,31,6.210967773872765,13.540291023320611,20.940783466506403,25.17044521775457,11.071189771513806,19.321660586659767,136.73438095427514,5.285025409526058,7.390090572154135,30.533834594395646,31.679926284568793,99.49432309418906,63.30313875448128
32,32,6.158299653342701,13.823722238237515,20.61279140640122,24.844075754337865,11.000404146604666,19.262198037643227,138.52127952219126,5.28817781550933,7.3016467491938295,30.624971979769427,32.726886951086676,103.38013441489139,64.05061134884885
33,33,6.103556088789284,14.125149820087776,20.283962611354468,24.50929695009074,10.93371175984667,19.215278856513685,140.09161652467193,5.293203511835234,7.206226454639915,30.87784319336676,33.83913893256363,107.16376944786452,65.12466047733656
34,34,6.048899804015993,14.444471337725382,19.957702435854596,24.17012571891426,10.87183253895297,19.183465170090628,141.28669378629704,5.299960404224806,7.103642452214254,31.30226404844113,34.80409064198983,110.70385129593625,66.5513312658372
35,35,5.996787884205857,14.781037580381629,19.63584878980741,23.829089792593013,10.815319467998926,19.169179117314027,142.04155588225873,5.308655427497906,6.995214751611862,31.89404677557638,35.3374921041167,113.94115638176744,68.1633081454678
36,36,5.949389762091603,15.13363887295365,19.318948097446302,23.487377386120517,10.764335006610139,19.17443411474111,142.39648766566157,5.319826075184943,6.883586559796624,32.63548027646096,35.298392583549436,116.89508626449937,69.75096236371634
37,37,5.908263313603199,15.500485386949451,19.007100136127885,23.14505937596341,10.71855429198904,19.200584480371678,142.44882059630766,5.334171716394025,6.772053376423695,33.5011758491943,34.888285068026015,119.64293543768659,71.15940428874569
38,38,5.874192748806803,15.879396552314148,18.700745464397173,22.801545504980794,10.677017560075475,19.24833071030713,142.3025413973051,5.352395453988931,6.663774450540038,34.48014280544732,34.58911705396439,122.29706667725743,72.24532797994142
39,39,5.847440059273516,16.267993035486864,18.401432084639033,22.456370665966823,10.638544643152995,19.317620622070738,142.04617220589475,5.374978540003834,6.561044488600906,35.593000648239624,34.801601692221695,124.98891946536712,72.83068720335314
40,40,5.827974687147413,16.664068136441863,18.112079617382264,22.110030729271813,10.60204278279047,19.40766690543974,141.75124852432253,5.402136793154615,6.465074351233796,36.878758613858295,35.53257560379564,127.85562308633322,72.77469273008538
41,41,5.8154288666810645,17.06580433057121,17.83690187735763,21.764731293380674,10.566852456935505,19.5170186670217,141.47679030586667,5.433805538426799,6.375927815619818,38.35682377661263,36.49825638763886,131.02033953862312,72.10489868591553
42,42,5.8092013745469115,17.47195539720098,17.580804636346908,21.42449533824077,10.532719746293907,19.643730497259362,141.2749829720924,5.469767250544607,6.292872515371374,40.00238531140583,37.4677650492042,134.57151744184986,71.06777253974302
43,43,5.808293199368454,17.882027833412593,17.348659129490812,21.094790866363464,10.499474136760393,19.785535851304093,141.19335685657916,5.509733544550827,6.214835439767343,41.76003526899821,38.42413403409216,138.5565488816737,70.04130025441333
44,44,5.811528067109639,18.29639492399436,17.14462386288195,20.781394371498966,10.46690723056941,19.94019689644251,141.26732703344007,5.553393155409728,6.140817919805166,43.57304992187658,39.45724468413379,142.9893262422278,69.37277883991756
45,45,5.817673238693909,18.716356681356007,16.97167743945916,20.489425779819932,10.434620576339048,20.105461795612058,141.50532224864142,5.600453510138123,6.070208689663818,45.3914118810201,40.592365105663866,147.85364109252959,69.25303413510393
46,46,5.825560789940367,19.144129332703056,16.831539976181414,20.22267692455571,10.402195618476574,20.27930511205098,141.8803486171757,5.650585550861134,6.002822087040937,47.15733142545322,41.73744028638671,153.0944563067347,69.69152878831638
47,47,5.834045182595597,19.582445716518126,16.724651502582404,19.983498488136885,10.369444997618698,20.45982431168212,142.33974263539938,5.703431612578499,5.938678834652276,48.798269584331635,42.75496267527301,158.60945069126868,70.58319828034928
48,48,5.841947132557747,20.033943296906966,16.65016302914835,19.773237232340943,10.336322419743293,20.645229301382265,142.82944833864812,5.758558777345781,5.877837112548071,50.241980329954686,43.5505066112813,164.24961626093602,71.8118108503945
49,49,5.847963800825088,20.50070391804863,16.606155965525975,19.592700050934294,10.302927000595732,20.83394080063582,143.31877949554655,5.815553810187242,5.820171368340086,51.437974044524644,44.09995610462436,169.83027816137073,73.3335656224502
50,50,5.850915076204298,20.983694082355175,16.58981792497958,19.442786610826936,10.269331280062469,21.024564447749782,143.81556414447869,5.874075861473645,5.765369802995977,52.366469245335665,44.42396368626108,175.15354913235933,75.20906826474592
51,51,5.849937166927204,21.482739457625442,16.598056135337284,19.324655942988034,10.235437640612053,21.215928980585037,144.37123673592902,5.933896974843197,5.713060912518058,53.036038721155876,44.559008674022614,180.0391786643274,77.58091549231195
52,52,5.844591798539337,21.996558087332474,16.627932242453586,19.239764276201495,10.20114094193008,21.40695484670592,145.07830499285032,5.9949155101243905,5.662979255032513,53.48023140024377,44.552549297439256,184.35057993869393,80.6144761715805
53,53,5.834993981618558,22.52307335462018,16.677075306172068,19.189658893756988,10.1661712477559,21.596569532352184,146.0578564746003,6.057196405610659,5.6150186965588915,53.753810790872606,44.471860357518736,188.006178488373,84.43213474792482
54,54,5.8217127334708465,23.059749118234773,16.74370301774367,19.17568050047265,10.13022239892125,21.783470029711623,147.43350989735674,6.120765944218091,5.569360354731623,53.92091751189817,44.400965824286104,190.9762753747911,89.07067976526412
55,55,5.805652179197339,23.603983667300913,16.826333416145527,19.198579272490846,10.092803993806834,21.966153936848432,149.2942591299744,6.185687123966486,5.526254407003593,54.032208392165515,44.41142641623955,193.26969776982773,94.47452613783896
56,56,5.7877290319277845,24.153361567661584,16.923376687845387,19.258230747485133,10.053345231842588,22.142861961961923,151.65893729333015,6.25190950849353,5.485978471253548,54.099310910262524,44.522304942929075,194.91527686129257,100.51918221091351
57,57,5.768683794489919,24.705872973776714,17.0326948418057,19.35324832829813,10.01135545772287,22.31175328374389,154.45896249443135,6.319289027663383,5.4486364736067365,54.08192439259747,44.684121192456125,195.9484241508104,107.05601688404289
58,58,5.748802715733092,25.259796314042752,17.151456505949504,19.480785901160214,9.966519243180555,22.47096953933481,157.54875168044904,6.387648976044593,5.414117212633762,53.898761112800635,44.8056908405794,196.41305824322092,113.96784232692016
59,59,5.727926276178949,25.813539664441937,17.276319670532853,19.636534221600762,9.91887030270194,22.618642701233828,160.73746213444346,6.456815701716044,5.382182990551397,53.4584984705748,44.80132146325248,196.3738517739898,121.21521851604733
60,60,5.705644374856729,26.36536878398465,17.404154506051096,19.814948820927434,9.868895456605731,22.752958689888786,163.824425877781,6.526720528675922,5.352422384103415,52.69143221263772,44.62133839872684,195.9161151683202,128.84731429790133
61,61,5.681519934505653,26.913070826623272,17.532726903678704,20.009737897723905,9.817536821248824,22.872126381212684,166.62398379621175,6.597446139055947,5.324530825761204,51.56359077285047,44.253942225084565,195.11440003284855,136.9660733825854
62,62,5.655500077417846,27.453774819686206,17.661399788637052,20.21440362942742,9.766267637291914,22.974501859848992,168.97641363496018,6.669288920901859,5.298231886887884,50.07720509266865,43.71251617191519,193.9818293772458,145.66607383654795
63,63,5.628087503873039,27.98373719980698,17.791320273210037,20.42263692884793,9.717082229339699,23.058862435911056,170.75064424153177,6.742648779609324,5.273356704850764,48.27841779250359,43.02116310382655,192.4418031093529,154.99501469964903
64,64,5.600380388349047,28.49816743069428,17.925153470110804,20.62844085269068,9.672463734933784,23.12460557732965,171.838657134333,6.817953576153027,5.249702569943667,46.27554523070215,42.196352894311914,190.36189519024575,164.96166394145664
65,65,5.573860449682232,28.99122317204093,18.06657211389905,20.82610693966257,9.635158757549046,23.172008252308128,172.14151543655385,6.895534677703501,5.226961182327133,44.23704103364567,41.22830151528704,187.6544141203622,175.5748805552681
66,66,5.550053979905523,29.45600294338704,18.219996287718615,21.01027291166767,9.608041482031554,23.202190834417003,171.55951512088106,6.975565151976731,5.2045652950221735,42.351059604937966,40.086423545938125,184.40507768589006,186.8653217653018
67,67,5.530185833268696,29.88488159805865,18.39075523024851,21.176064783437134,9.59367047642176,23.21700244416548,170.01524564404977,7.057958971451799,5.181874739048673,40.79399594383958,38.7680007749322,180.96734416918147,198.84418966073594
68,68,5.51489469922233,30.27005359871695,18.585566086382357,21.31941507753701,9.594051270732429,23.218550637214722,167.51870866854935,7.14246521281986,5.158233505358361,39.752553999022375,37.3593038728089,177.96419052523774,211.39079567806763
69,69,5.504320174674847,30.604179761079447,18.812808303833194,21.43746864720765,9.610409923883713,23.208603702960612,164.23022434115447,7.228694321898336,5.13341023968167,39.40822078863896,36.03521062112788,176.16572635620292,224.11291303216964
70,70,5.498450699311264,30.881099425446045,19.081991343042343,21.528797912002066,9.643188881879318,23.187941352647055,160.44567875465853,7.316252418796642,5.107820761997223,39.75553123784925,34.96156072129794,176.2592532166126,236.26058454821214
71,71,5.497365460831731,31.09636426657908,19.402335921524802,21.59338411005263,9.692318447196014,23.155755077596545,156.4939068734261,7.4047785836792945,5.082661428473957,40.414979666108636,34.182657610949484,178.5950409462665,246.7622571916648
72,72,5.501224585177605,31.247577616784387,19.78054005765268,21.632467740111604,9.757676158845035,23.10938019594907,152.66755904677734,7.493995932333737,5.0596382487390095,40.78461229700844,33.628154596222245,183.0341375075362,254.39156553218788
73,73,5.509886660570805,31.334332488306956,20.21861328595238,21.648507974938052,9.839515710528008,23.044487124696765,149.34011335722252,7.583679818830418,5.0406729598810625,40.48445303805716,33.23672955640996,188.98498073970902,258.01703772979386
74,74,5.522560195428593,31.35794924461411,20.71249623741845,21.64500287953389,9.938749132433527,22.955964205801365,147.19124362961114,7.673616545447791,5.027290726745138,39.65683926265576,33.032827728255235,195.60104826879436,256.8623430856349
75,75,5.5380172428217005,31.320696024703523,21.252135073794534,21.62662937458385,10.056859415627233,22.839380661684594,147.12523207987945,7.763584990057898,5.020334237803889,38.819596178606005,33.056421859966676,202.03441817372854,250.71611717721703
76,76,5.555387127406765,31.22508754233172,21.82292711020792,21.59911693184808,10.195432329094912,22.692811220860037,149.5462309177497,7.853319032022298,5.01990970191306,38.3913584424138,33.25064107133639,207.64496240836337,240.03981571031622
77,77,5.574700466882511,31.073049100534046,22.4084195598442,21.56913331668363,10.355422555359795,22.518217107816394,153.46717965785828,7.942652208105999,5.025485387028381,38.367937156105405,33.46607370741784,212.11610687841997,225.93332007194158
78,78,5.597092524308389,30.86540007414339,22.993334433913674,21.543804981446982,10.536397401750634,22.321455115587842,156.54366177804562,8.031523402511532,5.036337701841974,38.46688303917802,33.57021397807105,215.46595132192508,209.9246798892772
79,79,5.6242212081578975,30.60176489908769,23.566058117892343,21.530086904688535,10.73606320596375,22.11069552863695,156.31287216959117,8.120088525776442,5.051991323075144,38.46419580374532,33.526584291233206,217.97001194381454,193.60922423880774
80,80,5.657737035056685,30.28070103633032,24.120025254522982,21.53403140098445,10.950364708819505,21.893962825848607,151.7347058647277,8.208671081491621,5.072487031306504,38.32851512776344,33.39150354561545,220.03979584062938,178.24864545013492
81,81,5.698749424309015,29.900277818416033,24.653603626909753,21.559974486437003,11.174088728211814,21.677001610218234,144.01838297878032,8.297723060647975,5.098537528095865,38.14121320103827,33.28572676443516,222.12863986096127,164.5229558259623
82,82,5.747740708286185,29.458503771085788,25.168672206915552,21.61005816489357,11.401920290192459,21.462717802450182,136.08690468644602,8.387580551634143,5.131278986791152,37.992894894496416,33.37227742066974,224.7224063924808,152.57701918041616
83,83,5.804582630078841,28.953893826929335,25.668532013304425,21.684276964005782,11.62934283595712,21.25181198055204,130.56645789509622,8.478380834570412,5.171920034933007,37.94538564923778,33.79874691679578,228.38648156141272,142.3013441892645
84,84,5.868768743739519,28.38602952299254,26.155971782359885,21.781250097228792,11.853261292951162,21.04370017838531,127.70659312860097,8.570040084715696,5.221348456970575,38.02141586494486,34.59845591608528,233.7500025371405,133.59968459798594
85,85,5.9394337943591715,27.756340199719343,26.631894719067816,21.8994296699056,12.07223391556262,20.836687126743662,125.66224546002393,8.6622577644236,5.27980493427215,38.188813988450825,35.64629291016056,241.35092437660919,126.43054345201233
86,86,6.015492119399802,27.06899952672415,27.09485774445518,22.038139735574127,12.286280097114041,20.62762393928715,122.90834879637247,8.754703084531592,5.346830606093663,38.365667306858136,36.73371382524547,251.45656610396068,120.65637666198407
87,87,6.095660913427757,26.331845438975517,27.541201322225056,22.197801089577656,12.496656214083533,20.412187693173877,119.8794775635255,8.847155024586831,5.421380731541173,38.469143816916606,37.688350256527336,264.06230168713563,115.9410809438792
88,88,6.178602430083369,25.55731061040132,27.965529648987236,22.37897720749735,12.705410640538178,20.186083676391924,118.34869007326105,8.939600949685364,5.5020507219264685,38.48002798207933,38.43426468887218,279.04475490104466,111.88565881389387
89,89,6.263052687319663,24.76308152349262,28.36138252641686,22.580600304973743,12.915095878425417,19.946766899417526,119.4568066986358,9.032239695353079,5.5874451943759595,38.47283973255032,38.983470341120096,296.14290621180345,108.31156295112042
90,90,6.348020394803302,23.972597048462095,28.721910985962335,22.798269675350035,13.128253321529707,19.694432717748537,122.57653302689184,9.12537972450774,5.676325532865773,38.586377144225864,39.41047849548911,314.56868976633695,105.42102339999951
91,91,6.432966555920471,23.214221155789584,29.040675351926062,23.022922782160638,13.34702696852305,19.431798332260467,126.13296216337253,9.219376664328912,5.76787561232004,38.95283617356681,39.83567897755647,332.6093326665126,103.68646270721537
92,92,6.517751631839375,22.518532075832237,29.312218020013177,23.240511305558254,13.572620152214087,19.163095560177652,129.00438002408484,9.314455780016527,5.861610875801222,39.633210769319255,40.3997835651695,347.8854446615523,103.59681973103046
93,93,6.602632258568161,21.91336649843506,29.53244801063968,23.432575489773118,13.805047129044011,18.89303952222971,131.00196341521428,9.410688510616241,5.95745896017284,40.60078107890378,41.21641973823542,358.4434634125757,105.4907755774549
94,94,6.688102576394439,21.418582050366805,29.69885378170471,23.57851777818565,14.04307641375282,18.626103978802096,132.4770805516524,9.508014444636002,6.0555387880295175,41.77466160918438,42.326224923505265,364.0179221991316,109.50200513506226
95,95,6.774677640200747,21.04387695472803,29.810597723112846,23.659640454202524,14.284454932767883,18.366108788000147,133.79054983770473,9.606268239183294,6.15607366895405,43.06912883936682,43.68568611273857,366.402628446771,115.45074967919511
96,96,6.862887444958855,20.791354646165143,29.868673761718142,23.664357646640386,14.526246625599061,18.115947124661883,135.10382687157596,9.705139833014698,6.259181983621385,44.42580297081509,45.19359727104099,368.29689537549433,122.70652656159429
97,97,6.953309135756338,20.661114704443975,29.875686296351756,23.591946990771117,14.765233083723665,17.877381414247335,136.458740925657,9.80428852891269,6.364741849558786,45.82110145428158,46.73017678970622,371.2671362326406,130.31075240374156
98,98,7.046629289664361,20.655249285249187,29.835544596389635,23.45273397954022,14.997990956345722,17.651119752347554,137.89051271538318,9.903287350658346,6.472364034457942,47.259070338578795,48.18773698010425,374.6588169392033,137.48580213415602
99,99,7.143790191936903,20.77690849276082,29.7527443686626,23.26378683990587,15.220862511171479,17.43724871180994,139.4397218699734,10.001580662412001,6.581491594266975,48.76152303185761,49.48857975399652,376.54401197636224,144.25316146124214
100,100,7.245859175738807,21.02603104453499,29.632008655784876,23.042711315896202,15.429955372642747,17.23566480986157,141.11206032586537,10.098529623046801,6.6914683420744385,50.36044209920567,50.594629852196135,375.5385162055405,151.68016446289198
101,101,7.353925654229853,21.395631810709236,29.47855422774921,22.802464491174568,15.621204720463563,17.046551274161807,142.86039302563313,10.193434828835052,6.801740647292148,52.094037271872175,51.512917598462444,371.6170943454917,161.41105521926062
102,102,7.468747787246484,21.871274381062953,29.299168331478352,22.549841422739277,15.79073367444866,16.870564245957485,144.59605404013215,10.285600126724274,6.9119690686576005,54.00901351540165,52.297699459281375,365.4988462786354,174.638008432836
103,103,7.5904233741574485,22.433169753807324,29.103786883565938,22.286727608317026,15.935163703917663,16.708652887565496,146.20452536161102,10.374523079127117,7.021966534415089,56.17220395582323,53.04761430503936,357.63910658778207,191.28005039024208
104,104,7.7181361757811695,23.05905513128807,28.90657689225724,22.01270263272863,16.051939478082055,16.561858433467638,147.56436829063762,10.459937942067658,7.131717417765847,58.6872156234753,53.895533233017815,347.9277877418007,210.01257060113696
105,105,7.849994920755917,23.72636644627808,28.72560073061792,21.727280761216797,16.139327895123362,16.431057526937337,148.58296433417888,10.541950070067196,7.241105849982744,61.70353541025655,54.99098679167917,336.17185634797954,228.91895603408756
106,106,7.983175163749564,24.41423884018652,28.580691951890618,21.431262446602812,16.19639689355827,16.316813936109995,149.24044559490702,10.621019997990775,7.349791752932384,65.40959266663688,56.48085848235197,322.64110031603707,246.1433253722706
107,107,8.114195547295967,25.10505155641896,28.489596323804033,21.127277946879335,16.222735309629197,16.219403547427042,149.6081482636624,10.697888262926678,7.45705929671896,70.01311510048792,58.4940584669893,308.1225874933783,260.2674414036211
108,108,8.239309072025739,25.78540451498614,28.463425262260365,20.8195266679584,16.218125410313668,16.138775002347607,149.81265845274163,10.773443718249101,7.561728742861349,75.71436793515143,61.130704496784546,293.5545369305418,270.472222092748
109,109,8.355087606503423,26.44594592949181,28.502850272829033,20.51278272652582,16.182313393586192,16.07436791586784,149.95213254819976,10.848509382223842,7.662132354757545,82.66854483184063,64.45330843831267,279.6411519363081,276.6010224308516
110,110,8.458849705122018,27.08015794016588,28.596429309016862,20.21098103067693,16.114597819224795,16.024720980800705,150.00928670361947,10.92379328932964,7.756233410098501,90.93473731196109,68.48284358766851,266.7225589218647,279.18981684286126
111,111,8.549281175035034,27.682573994358297,28.72185932404227,19.915853195832852,16.013641860631314,15.986852285460547,149.8235643504077,10.999833437378284,7.841687083087852,100.42823860273745,73.20756279912091,254.88122018228083,279.4861924647186
112,112,8.626684202968327,28.247232561934617,28.8499003218121,19.62630404621195,15.877516311913764,15.955757042011502,149.1689789630775,11.077101111551016,7.916055658890274,110.90266131163746,78.60626271134876,244.10767542113655,279.41527739044153
113,113,8.693014739468962,28.76669002047696,28.94994417082131,19.338779079019673,15.703890963394329,15.924079749477425,147.93626084713776,11.156185173684102,7.976981001515577,121.97101352809051,84.67377724184372,234.39838906990892,281.3348120849053
114,114,8.751505698156969,29.23184930063786,28.996014698129716,19.048537898269,15.490577394862616,15.882246436677912,146.3561171243001,11.237959166924687,8.0222972631949,133.15528655451917,91.43266989765596,225.7838978719277,287.3897133817891
115,115,8.80590078200312,29.63228897278906,28.971455013472614,18.751364556928248,15.236287622440738,15.819185384826355,145.14484781747998,11.323733539815134,8.050209221359898,143.95083568991285,98.92404895349192,218.3540299214416,298.58483871733347
116,116,8.859559075442,29.95706508527761,28.871477654970256,18.445006419924407,14.941224725316047,15.723579714457044,145.40342426628789,11.41534749091224,8.059379326529738,153.89615513803304,107.18457661871118,212.3209700507918,314.19294866767154
117,117,8.914452741268446,30.195623068367905,28.702767688464398,18.129599175268815,14.607557610133563,15.585508617227502,148.1581938746431,11.515020429120572,8.049019491671562,162.637264744018,116.22685768795212,208.07617355136358,332.0552154853307
118,118,8.97075759976551,30.33874484324747,28.480565672180973,17.80710023676618,14.239249669263593,15.398192968458691,153.7061301128695,11.625207991836971,8.018974933070865,169.97007326252026,126.037117656829,206.1413939864439,349.55219114515353
119,119,9.026690584748822,30.37951561114617,28.224129132868107,17.479922848283262,13.841691651575115,15.159428338021442,161.25515536178855,11.74827227103732,7.969769744927551,175.84818888699328,136.5923922671383,206.96248254699927,364.5193707674847
120,120,9.078887810649691,30.313846596804616,27.952335536522213,17.149581003083334,13.42101469007139,14.872145422348131,169.21205164386248,11.886015169020686,7.902627741269536,180.3550764328298,147.88325293214052,210.6483876092932,375.6452040076774
121,121,9.122792100264197,30.140696760210343,27.680576497001294,16.81563350861552,12.98364678126697,14.54420828038337,175.90027263389132,12.039286494940903,7.819669508520512,183.65182035147467,159.92056627413078,216.8603976984201,382.39580234655017
122,122,9.153160713862507,29.861631734904556,27.41938239796216,16.475265642776616,12.536396291273835,14.187175447136429,180.23020877609636,12.20744513038229,7.724174079323363,185.91519483203936,172.7132901374851,224.95131100270686,384.78130987093067
123,123,9.164252426843452,29.48006948609179,27.17433357139974,16.123361542689565,12.086850159379534,13.814665789468304,182.00152711879576,12.38802006521212,7.620878412499753,187.28216156811416,186.2207368474058,234.22915898546506,383.22656149498465
124,124,9.150322147789625,29.000447886126537,26.94691052408762,15.752716060135795,11.644210509737121,13.440654150139403,181.74443428500973,12.576445717371872,7.516552283217734,187.81940003128992,200.2992762361261,244.14537637157687,378.59213279537767
125,125,9.106137844943435,28.42757385130596,26.735746813515682,15.354681387992803,11.219908650040816,13.078085078556668,180.1844063602714,12.766022239041298,7.4203554760950485,187.53317244819908,214.66655839539007,254.3286272245053,372.2044504149171
126,126,9.028030374822237,27.766687385485422,26.53844448172342,14.919989282116061,10.827633596696462,12.737477442878246,177.6779093555391,12.948129447404298,7.343906393122749,186.4172851031315,228.89921779350652,264.51708030691316,365.7216318523794
127,127,8.915031652876278,27.023972511546226,26.35362947737437,14.440032996697473,10.48249163178319,12.425453519980737,174.13377494007003,13.112567372391423,7.301034293327733,184.5148976044971,242.4668415689251,274.45507159073765,360.75170810213035
128,128,8.770329666007493,26.20766595967314,26.183301973711636,13.908236242850846,10.198989956387859,12.143265313347447,169.69052974140155,13.248205191492302,7.306618812839188,181.9568138120071,254.7954560504938,283.7667335295536,358.33537320983146
129,129,8.60196307979507,25.329061644258505,26.034438736465308,13.321702517117236,9.988265479811181,11.886015858706047,165.76948255358204,13.343701490704927,7.374952492625147,178.95198357795766,265.350912418161,291.8237285130572,358.59981390530027
130,130,8.422624779188535,24.40314989493055,25.919643502632475,12.682803525390977,9.855467106820928,11.644026200483,165.43182533815883,13.388201819159052,7.517597025669909,175.73290731574568,273.73140437921614,297.7007926766185,360.87168337749654
131,131,8.247763158270908,23.448176648874284,25.856278794543382,12.000823786609551,9.798507663386452,11.406546943166513,171.7962403952057,13.372169303866944,7.741452091282799,172.4857403322792,279.7522816949294,300.329584796839,364.20301648940614
132,132,8.092311917152838,22.484085867409128,25.864450081750167,11.293629221621389,9.808898693063842,11.166486703075638,185.03821283140857,13.28796090912851,8.04759823698935,169.30477041580212,283.49803913639545,298.86333008069863,367.9519370250859
133,133,7.967046807558163,21.53030318537658,25.964522430053186,10.589696760228907,9.874245771896236,10.923399302552214,201.29107559424776,13.130374651161553,8.43106715424255,166.19703011865184,285.313718625299,293.10820780201266,372.0738036436483
134,134,7.875860022664603,20.603616452112316,26.17466685736201,9.929978935775129,9.981305397259222,10.682366931712158,214.7786338412386,12.896930614131579,8.881546668223246,163.1382767643599,285.7243986310728,283.7919248289648,377.03652412022967
135,135,7.815318149016597,19.71732753248195,26.509194499670468,9.368576306870633,10.118265091036285,10.44875690513414,220.65825316088447,12.58829208268296,9.384361315259643,160.15497353736038,285.3018098476763,272.4686233221546,383.4481017881892
136,136,7.77637371610099,18.88154981800377,26.977248817734168,8.968979381152838,10.275675802454991,10.222225073688984,216.86133936459453,12.20857973975418,9.921595281103363,157.38764069879895,284.52629943862615,260.98143575461563,391.5346806141414
137,137,7.7473953920910805,18.104029099043338,27.581540255137924,8.79221855133999,10.445897382232054,9.994948526881776,205.0175561107786,11.765889661128945,10.473013408604395,155.07855557992747,283.692704128727,250.64729860048885,400.64367718928025
138,138,7.717462235355334,17.390093884791035,28.316518253300497,8.877207279576082,10.62167749576446,9.75746171649,190.56069557684893,11.27303513479756,11.017088498105352,153.45079544885064,282.87818063999435,241.65295135094593,409.0344272343373
139,139,7.679611928380607,16.740188915757287,29.165994750525257,9.223065929644696,10.794438666119536,9.510446545847776,181.09241023186766,10.748671789946956,11.532119350968875,152.52682148276435,281.94989939170244,233.25645137874983,414.21468674943293
140,140,7.633821038970442,16.145577173726906,30.101399567972415,9.787619192791446,10.952684750227567,9.276144776573666,181.6777086450489,10.218432793224753,11.997347971486032,152.01392891789695,280.58187683488893,224.96361551458884,413.8366589701193
141,141,7.589181788255757,15.58400923687138,31.082478398797143,10.50255458977233,11.08127630345143,9.100369434444463,190.21893171846813,9.716068135063013,12.394137852646928,151.36083983319966,278.27772789632587,218.26411435303203,406.7841283110225
142,142,7.564026530235401,15.018725086434282,32.061713592094534,11.293338698540344,11.16181362239423,9.0379903066172,199.46253696250503,9.283428357705047,12.706923408127558,149.95439001508063,274.42747943099846,218.16232208443867,393.8184467348177
143,143,7.582571488979065,14.403410050629786,32.991177780647064,12.092944644357708,11.174604419014203,9.124531184816036,202.92853428515022,8.967959115123794,12.923754160331235,147.33906863227946,268.4248986999665,233.02965499382066,377.1721070645859
144,144,7.667547622560232,13.693978795654992,33.828099828372906,12.847772721465713,11.10234725212523,9.350843116678544,198.52464222349883,8.816013338349252,13.036182291845934,143.39610041771707,259.83517045743366,270.9532283543244,359.15287496063445
145,145,7.831699451740791,12.867809813205517,34.53465473689598,13.518907101577003,10.934762233958299,9.662569806906843,189.56329076679333,8.862396211213747,13.038608990545526,138.50912534305465,248.56179024461127,335.0364826181824,341.4029003679214
146,146,8.072105273095804,11.953098118142846,35.07018608434371,14.082044159014673,10.673350402146733,9.986730326356371,183.71631822045904,9.12027319551092,12.92728517491863,133.7249363154947,234.9500667451269,422.91543704616186,327.91066011017494
147,147,8.371521388125343,11.073140269286743,35.378723304311755,14.527544141061163,10.33497166069539,10.266461100967494,187.98712377415347,9.577340938718269,12.69971226271508,130.74080283857188,219.78957511016498,528.9604320709067,332.993148643764
148,148,8.705276428984163,10.498940647931878,35.37960695091332,14.859277912585528,9.95399419748148,10.4833350505866,201.56713087061235,10.200835731074568,12.355398728087032,131.41102558916523,204.22312983137854,645.7979558388732,384.4328315544235
149,149,9.049990058119073,10.641099655821533,34.96989173101601,15.090130154417947,9.581997740326347,10.656932276184557,216.16554145166114,10.947319585479503,11.897683092206709,136.79311328096014,189.61118904369212,765.4521376454427,503.7427501970215
150,150,9.38930577104179,11.854134755464472,34.04563126195553,15.233811408033967,9.284260783031442,10.82425261551027,223.43770714286887,11.771440153541448,11.33634103737841,146.53420969807547,177.4198612160032,880.5424677973488,688.4275806194603
151,151,9.714523883793072,14.179765011021635,32.54615076907017,15.298146710628826,9.128517372406774,11.014014290271879,220.1774594414544,12.630798117241271,10.689621278478974,159.28589946436102,169.16751384644698,984.6982275537489,922.6417182772794
152,152,10.020926250987088,17.380337166104482,30.527210551595836,15.287235221388505,9.162548637510225,11.234421922890474,209.17651291118725,13.487092904959965,9.985548911325672,173.57199653924027,166.35735035553907,1071.4264481916543,1187.645638040416
153,153,10.302645934452723,21.13000559544115,28.269840037841774,15.2150300033588,9.386209942671542,11.48093429931191,197.1601497522787,14.305482325360005,9.263083442532661,188.19223157576025,170.19701236882395,1132.398985631042,1463.606777741279
154,154,10.54947079482284,25.09515357961667,26.40838166690692,15.120144615355667,9.736071641737928,11.752103214656001,190.319462989236,15.053766867688969,8.574281468322496,202.07650222559465,181.04597744566627,1158.0533794573705,1729.4632918026093
155,155,10.74720256774388,28.932364280049825,25.93346513083486,15.062636409228551,10.09894323813895,12.056684734254565,189.48645026680006,15.702148222723894,7.986278809492227,214.0669984280691,197.97957722431684,1143.1271540397,1963.5086379574361
156,156,10.880570063038173,32.29185476234393,27.743802732337848,15.0898935958868,10.34962421072686,12.40645619220342,190.08793044523463,16.223564174350937,7.576612202647941,222.9701121412342,218.93878119924136,1096.1922353065966,2145.668262139492
157,157,10.93625385883754,34.85732481955324,31.922625992297668,15.186876768300804,10.396840231409985,12.802695096396915,187.18315157962707,16.593862749539884,7.413136213508031,227.82872308616135,241.37521150735847,1046.4687317456353,2261.6001631516942
158,158,10.904440403312186,36.4138887255028,37.72886674954331,15.253677555521872,10.222932609559585,13.229220032402878,179.4911367885303,16.79152113558367,7.52057401861333,228.1806690071441,262.95053272276476,1033.573031126748,2307.4972308952692
159,159,10.77885577365349,36.91073490991533,44.21014007069145,15.141358430701308,9.904551784649634,13.65771566106403,169.50958139586487,16.79710793050288,7.860269171295723,224.18046170895437,281.98201193189396,1072.965208927232,2292.9630482044413
160,160,10.556192969808862,36.477340974308625,50.58889195916438,14.732402328808226,9.595564239980103,14.05937330540688,160.99890804209704,16.593781169318916,8.3451822440214,216.5989650371685,297.5346057284897,1134.958370091445,2238.9964590087793
161,161,10.236578815708826,35.367600138409685,56.33882767928671,14.026681656756681,9.454323318550546,14.413377188767269,156.093240998932,16.169934546966,8.87559621117581,206.70249435878515,309.20725747119087,1172.5934311914432,2170.31897297772
162,162,9.825612747915143,33.848772313677905,61.14585664470718,13.202092998239003,9.540388589793505,14.708685996162654,154.21923462425693,15.524206005091756,9.366492456568622,195.9628560870683,316.7736895460266,1160.2402707568428,2106.2533775448915
163,163,9.33785215228613,32.1004823772202,64.83572582737632,12.61636717078819,9.772259154246692,14.94128228837544,153.31607744517692,14.672118961534638,9.757613494900061,185.64218536267205,319.87214137262384,1107.557429232109,2057.9037749987333
164,164,8.799800714844732,30.19021527298299,67.30232222630401,12.681638123597336,9.997754218480617,15.11065347697369,151.71357752267537,13.651870798644984,10.013051363179164,176.4702728438274,317.87070408268454,1048.1159368831782,2033.7098781514692
165,165,8.24975385584512,28.12475542494139,68.4615624881276,13.602166343297897,10.102540026630969,15.217358184158703,149.1390448177388,12.526435295554464,10.11842642803641,168.6204525860564,309.9714827928313,1010.9801116047396,2043.8996060642557
166,166,7.732678023269061,25.916529534863617,68.24002681175713,15.231811475008342,10.068673216593613,15.262621059127607,146.5454524864592,11.379758101411053,10.079362931212628,161.939562172028,295.60649256120763,998.1165569131102,2094.065918127251
167,167,7.290690042213965,23.62556260655997,66.5858206831271,17.23792567087271,9.965914443753494,15.248860112286458,145.1622126705361,10.306038208755165,9.92054889657322,156.19168669111394,275.1429457255936,990.3876342337384,2174.7286486152634
168,168,6.954568698043417,21.377965934938512,63.49029165041188,19.323917598442925,9.894644636034561,15.180474139335429,145.5243974804029,9.39266669930567,9.682917044819536,151.12764861608326,250.74023629767194,966.1371793792214,2262.3410124863944
169,169,6.7432948365269905,19.334970387573517,59.02833443217526,21.316686375386894,9.908798173247742,15.064124833347028,147.1800956490628,8.699747432539255,9.41738717351145,146.3964001785783,226.88272870370042,910.9549605825758,2330.533352362205
170,170,6.67261773885257,17.580318726985464,53.42007585262171,23.15217439076647,9.966063715277148,14.908034225855992,149.135348908845,8.2442176040559,9.176624858510408,141.49897216320096,209.58383072111482,826.1654060657493,2357.8140059638345
171,171,6.762051447280194,16.03756588678065,47.07700015684211,24.814621717521845,9.952916207258061,14.721161660459027,150.53734314772305,7.998857314644055,9.007233124186941,135.98564207855037,203.17893936732978,736.5639917484024,2329.1098160755096
172,172,7.0274857776552455,14.5980187236058,40.574508042464664,26.266727374759107,9.781910691714838,14.512358288699154,151.06988528706202,7.90915675775655,8.94396152758435,129.86843578193756,206.53543819565834,673.6455060406728,2238.3306879286893
173,173,7.461482417723622,13.346798498213907,34.53802671093463,27.40989823611003,9.497575844075484,14.290181786339168,150.86669000023468,7.916709282478027,9.005256919984959,123.99854939689536,213.74079227352922,635.4927212229187,2092.396345368755
174,174,8.020723832935866,12.528599410783594,29.494789340865072,28.099686768887594,9.301762249630073,14.062952276301035,150.14221189703767,7.975393502912992,9.19019032378594,120.12348538327696,218.76218661249573,588.9010849983937,1909.699085476522
175,175,8.63408983422495,12.20136070096518,25.74625133788348,28.202792199164268,9.425783152958056,13.838375482576573,148.92719260812854,8.056479763191215,9.47864726003534,120.38635382397156,218.6056066182795,518.4521191326986,1711.9395857903137
176,176,9.223061673183114,12.076046592344136,23.28107417834894,27.655147446180273,9.924345432891378,13.622991687670572,147.0720575229205,8.146395479050538,9.83701367746464,126.17013910636474,213.35647601944314,445.587208477304,1516.820551657502
177,177,9.718799065011487,11.801596017056776,21.77557779585333,26.48855057094226,10.643459404698746,13.421441623476905,144.38511722498046,8.241778358708746,10.226670631116004,136.8508355997393,204.61909159953896,401.1572090057616,1337.1203501155055
178,178,10.070209496000363,11.24179206742089,20.74353201123687,24.819104647404014,11.393467297346312,13.23626881450204,140.7533050440924,8.34437060302524,10.609373085052964,149.61435490601613,194.13168213313824,387.74390497453527,1183.2623278367398
179,179,10.247723427278336,10.481721474762203,19.76178636967232,22.812404525666373,12.079053989961523,13.068387627708846,136.20882953075883,8.457398834349267,10.947218360804362,160.57919577830884,183.34301643146367,383.18918293946496,1063.3251765075595
180,180,10.246052583709975,9.708620983179687,18.6165524590476,20.645248490571646,12.690244114675275,12.917927515906886,130.9342134328369,8.583229844103913,11.202257765800221,166.370891843219,173.2788361840159,368.4673857894512,978.8703434144888
181,181,10.0831643413859,9.094297324192745,17.31518791953266,18.475898859697573,13.23971743021533,12.785092887155118,125.2419519943699,8.721754824030018,11.34090810406337,165.3976711752086,164.15975585044046,335.38786119884895,921.4992484119967
182,182,9.792320658043792,8.706734455857788,16.004946020600176,16.425782001414724,13.727476561386664,12.670733505746655,119.62081681634766,8.869358707878103,11.342156759432026,158.4345724309273,155.61457832854293,286.49855757325247,875.410905406024
183,183,9.41135936669004,8.495467116627303,14.856984555364686,14.573130728033895,14.144612465613283,12.576652115721023,114.81697366593822,9.018836809782037,11.20427852224098,148.28980356911458,147.79324961872368,236.21865137186117,824.7221689792963
184,184,8.976460189979873,8.37423133025367,13.9634613821394,12.95880569563287,14.489775796794845,12.505446285933042,111.71146517639711,9.1609579633341,10.946457937087956,138.56094438430313,141.83740420705402,202.45077722063547,760.7517669677663
185,185,8.521728493962094,8.306715739389812,13.295927877003098,11.600091213579182,14.777464398070224,12.460268268798306,110.86132168200083,9.287167395099868,10.605234421126111,131.9215929167184,138.77523326887837,187.0530388971077,685.506503560787
186,186,8.079586069285124,8.306164395736136,12.754387915128403,10.504601908639447,15.032266028414382,12.444052272715826,112.03354097468666,9.391869184462976,10.226490630003612,128.92394972909054,138.26007181309458,175.36147132074817,608.9862849733294
187,187,7.678899013462569,8.382441695518166,12.264612107196324,9.676881689080881,15.274719084274116,12.458539267851437,114.2291653251548,9.473331419514983,9.855437044242102,128.2080383238187,138.75606756244608,158.7009520157626,541.7470480330057
188,188,7.341760005020913,8.516053479889234,11.838709501199398,9.116170212948704,15.510659470291904,12.503188393027456,116.18483214190738,9.533217548416546,9.527739041602416,127.7713911227853,138.5948660646785,141.11680544066152,488.8963038600362
189,189,7.079751221106593,8.675195319409934,11.560906640273291,8.807505810969241,15.732710928363705,12.574859030585662,116.89533418526786,9.57576905279814,9.265085652231075,126.17064510623601,136.68833327818302,129.36604808034468,449.9573389381259
190,190,6.890910734874294,8.836876934626703,11.524073126185376,8.712813755337455,15.929522081142412,12.6682198816851,115.8627922064374,9.606873316286928,9.075883640609367,123.05447518284306,132.7385349792933,123.62957903823913,421.4767744724244
191,191,6.76050057078815,8.98997526614099,11.7660194980938,8.77004008504569,16.09394214950781,12.777065545581223,113.09594965890896,9.63326668511602,8.959187934051345,119.03505928085589,127.12206518080652,119.772429101381,398.5694315217957
192,192,6.667564098516325,9.13032390109308,12.249381716748857,8.905012244934076,16.225778358655916,12.895587923078478,108.9928778168489,9.6614351859719,8.909539156834475,115.14270663400656,120.5220260309952,116.04857643017213,376.82844766163834
193,193,6.592740397395116,9.258864040010671,12.894988245099126,9.051379277135267,16.330807443377953,13.0190788209743,104.18897315288427,9.696261766300418,8.919666117808193,112.23626374010968,113.61813575387167,113.86924398956175,354.8615088550658
194,194,6.522511862698868,9.380776537451005,13.630358998843116,9.169657617723864,16.416962463163024,13.143368213534417,99.37219656959317,9.739747290123253,8.980026969733371,110.69853369254128,107.15263635738413,114.86269495318277,334.5019450588032
195,195,6.449064857725241,9.500922255518296,14.40635098707076,9.255959948852663,16.488428981900462,13.263819018623277,95.0595303812749,9.790307797473774,9.076504848929043,110.47646359575157,102.08998206979489,118.93121236016532,318.1300838806088
196,196,6.368833513305279,9.61794707622472,15.175525706801096,9.334636531148742,16.540740419950232,13.374830084092856,91.4201150448327,9.843401403312427,9.18971820672332,111.27360641128763,99.2839113967253,124.50973876122185,306.21585211479527
197,197,6.282175851142764,9.723488227364294,15.869701100495133,9.439208443513118,16.562949350912593,13.470939292735086,88.28925951143503,9.893660728289612,9.298427467902464,112.70735036081774,98.83833656494329,129.79295697270922,297.6670547672442
198,198,6.193244337596445,9.808089908282085,16.412052203768123,9.595949105722529,16.54798068979445,13.548676447964107,85.38751311816567,9.937712116610433,9.38566740333892,114.39351398678183,100.0862752722442,133.64851117466162,291.8210460940055
199,199,6.108563338073737,9.868218089940124,16.75325461801955,9.817009165435238,16.502132649182958,13.60807387562337,82.55774800892458,9.975971948131212,9.443715513899376,115.98075802905402,102.25820534444986,135.83776397431797,289.2268945976834
200,200,6.034157461412159,9.907735115529524,16.89290253532514,10.096475405300051,16.442828008664318,13.652035209393066,79.84044413260771,10.011900063829529,9.47495597241061,117.16180521818022,104.93227313915557,136.74907870268999,290.4876978657657
