,Time,Hip/Shoulder Separation,Elbow Flexion,Shoulder External Rotaion,Shoulder Horizontal Abduction,Shoulder Abduction,Lead Leg Knee Flexion,Lead Leg Knee Extension Angular Velocity,Trunk Forward Tilt,Trunk Lateral Tilt,Pelvis Angular Velocity,Torso Angular Velocity,Elbow Angular Velocity,Shoulder Angular Velocity
0,0,-2.9054000000000006,112.96433703703705,5.354703703703705,-32.529794444444455,38.56476666666667,78.15627962962964,258.62940370370376,17.734220370370373,-13.342092592592595,15.863081481481485,-8.701692592592595,98.83182037037038,-13.450990740740743
1,1,-2.8629674628052038,112.77985737839606,5.335431977178104,-32.46319990775172,38.52805546638964,77.67541028335566,260.6751685718354,17.79676342472489,-13.373854669362085,17.096952075401134,-8.341142228359027,100.36426335242639,-13.807036966957726
2,2,-2.8188510557133153,112.59255229238585,5.317375018706671,-32.39736264368861,38.4923558504828,77.19077778248798,262.69201414421406,17.859555299554945,-13.405460351214048,18.36266212212973,-7.992879170817928,101.88948767638021,-14.14257723057314
3,3,-2.772981481481482,112.40243148148149,5.30052962962963,-32.33230555555556,38.457690740740745,76.70243518518518,264.6780555555556,17.922603703703704,-13.436898148148149,19.654453703703705,-7.658722222222223,103.40648703703704,-14.456959259259259
4,4,-2.7252939938819924,112.20950646831669,5.28488483601008,-32.26805113992321,38.42408098764355,76.21043845852546,266.6311512420739,17.985917965017524,-13.468159281014866,20.966372361961177,-7.34030101220154,104.91439065250383,-14.749670570162849
5,5,-2.6757421072017396,112.01379617488726,5.270398746737487,-32.2046193724142,38.39153902609,75.71485539689618,268.5481127041431,18.04951342078952,-13.499245350274904,22.29167334749759,-7.0384738755318095,106.41289082415877,-15.020773540299315
6,6,-2.6242851851851845,111.81532407407406,5.257025925925926,-32.142009259259254,38.360072222222215,75.2157611111111,270.4250314814815,18.113396296296294,-13.530149999999999,23.623320370370365,-6.753574074074073,107.90229814814813,-15.270831481481478
7,7,-2.570889603806069,111.61411129875106,5.24471827840335,-32.080198081351504,38.32968295595629,74.7132348575373,272.2573934674048,18.17756826384693,-13.560859009702014,24.95421675337229,-6.485499926001658,109.38360125587842,-15.500876666899712
8,8,-2.51554489229897,111.41015951954742,5.233400508320492,-32.0191569240197,38.300365411896564,74.20735586733723,274.04008442709556,18.242054813720568,-13.591368928491955,26.277415428707624,-6.23373272723097,110.85861671506628,-15.712400001655695
9,9,-2.458251851851852,111.20348148148148,5.222994444444445,-31.95884074074074,38.27210925925925,73.69822222222221,275.7676074074074,18.30687777777778,-13.621679629629629,27.586355555555556,-5.99751111111111,112.32995185185185,-15.907268518518517
10,10,-2.3990215019269794,110.99409691310093,5.213422296204726,-31.899189008600157,38.24490110905041,73.18594892971292,277.4342014716903,18.372048428428027,-13.651789625732423,28.875004229146644,-5.775918939476015,113.80098461154996,-16.08767416561009
11,11,-2.337883915848043,110.78199011660966,5.204592046018255,-31.840137851927462,38.218725437307015,72.67064416695008,279.03400528342536,18.43757502753992,-13.681690087569972,30.13807749665885,-5.5679932906126295,115.27583571077486,-16.256049665322127
12,12,-2.2748777777777778,110.56714814814814,5.19641111111111,-31.781607407407407,38.19356851851852,72.15243888888888,280.56124074074074,18.50347222222222,-13.711374074074072,31.371120370370367,-5.372853703703704,116.75917777777777,-16.414946296296296
13,13,-2.2100454423760305,110.34956201415442,5.18878879301699,-31.72350572080646,38.16941514962458,71.63148445199619,282.0103288509371,18.569757539358022,-13.740837794447653,32.57056961517458,-5.189763786333351,118.2561065568497,-16.56694587660726
14,14,-2.1434289693541593,110.12919155057385,5.181629836895301,-31.66575338705265,38.146235634955914,71.10791617366773,283.3760830250849,18.63643260887539,-13.770074807775735,33.733874394200804,-5.018200090317045,119.77191409997955,-16.714499016557852
15,15,-2.0750851851851855,109.9059925925926,5.174838888888889,-31.60826666666667,38.124011111111116,70.58189074074073,284.6538425925926,18.703511111111112,-13.799070370370371,34.85935740740741,-4.857851851851853,121.31181481481481,-16.859835185185187
16,16,-2.005080123436215,109.67992025625442,5.168325195607899,-31.55095925827332,38.10273176758662,70.0535872391117,285.8395584770953,18.771013364010937,-13.827805134394827,35.946173606891406,-4.70861645602216,122.88075204031318,-17.004887311281077
17,17,-1.9334574575793229,109.45091134451043,5.162012296030345,-31.493764710842534,38.08236679912646,69.52317238785484,286.92993868641827,18.838922648978897,-13.85627107588566,36.994313953565275,-4.570583008119548,124.4830447479237,-17.151138006816993
18,18,-1.8602629629629635,109.21890370370373,5.155831481481482,-31.43661111111112,38.06289629629631,68.9908240740741,287.92248148148155,18.907231481481485,-13.88444814814815,38.00436111111112,-4.44390925925926,126.12216111111114,-17.299622222222226
19,19,-1.7855478906692455,108.98383433060879,5.149717649197286,-31.379424443716843,38.04431100948245,68.45673278034137,288.8155131480126,18.975947252268288,-13.912304320276052,38.977369934803,-4.328734910734084,127.80053442180093,-17.450897949091846
20,20,-1.7093537632309748,108.74561487202307,5.143603967337468,-31.32216388161508,38.02657986831505,67.92108134409116,289.60827634883015,19.045061911671375,-13.939818745707141,39.914728088771916,-4.225026838171408,129.51919398960757,-17.604949196849752
21,21,-1.631714814814815,108.50416666666666,5.137437037037038,-31.264787037037035,38.009683333333335,67.3840537037037,290.30085185185186,19.114557407407407,-13.966959259259259,40.817957407407405,-4.132464814814814,131.27771851851853,-17.761285185185184
22,22,-1.552661402174655,108.25942662741285,5.131177791645195,-31.207250237713218,37.993616260915346,66.84583519732745,290.89415008067874,19.184412708211514,-13.993683058660608,41.68858874509703,-4.050333542540343,133.07416127779442,-17.918986925250355
23,23,-1.4722273264197623,108.01132951127536,5.124788651358153,-31.149543760712504,37.97836253698271,66.30660422091711,291.3899594153123,19.254618051320335,-14.019961734384752,42.52795857593581,-3.977290257144373,134.9048531367612,-18.07675520724155
24,24,-1.3904444444444441,107.7598074074074,5.118227777777777,-31.091648148148145,37.96390555555555,65.76654074074074,291.7907814814815,19.325153703703702,-14.045766666666665,43.33713888888889,-3.9113425925925918,136.76457592592593,-18.23303148148148
25,25,-1.3073415065797631,107.50480100461147,5.111449897484265,-31.033529775900515,37.9502328984763,65.22582520858023,292.09978318039174,19.395988824558454,-14.071063713592448,44.11687386829745,-3.849797647793702,138.64664431780068,-18.38607846943367
26,26,-1.222946913641585,107.2462927302765,5.104413626299437,-30.975170784820868,37.93733892790655,64.68462623983213,292.3208056713039,19.46709951737573,-14.095813162565547,44.867445060749155,-3.7891194778992032,140.54299827895895,-18.53411904060876
27,27,-1.1373037037037041,106.98426481481482,5.097072222222223,-30.916537037037042,37.925214814814815,64.1431,292.45820000000003,19.538462962962964,-14.11998888888889,45.588735185185186,-3.725053703703704,142.44459814814815,-18.675440740740743
28,28,-1.0504696213549174,106.71870081163317,5.089366109211317,-30.85757451241109,37.91384973613415,63.60139282567639,292.5167636903468,19.61005532120349,-14.143577381565072,46.280256933701054,-3.652679205583818,144.3416647269704,-18.808472003473977
29,29,-0.9625029899396487,106.44963194990652,5.081210278699522,-30.798230285764408,37.903244319278144,63.05964907637575,292.50170105290044,19.68185180373681,-14.166557040846977,46.94117961337252,-3.5664516378340485,146.22406302929468,-18.931923844134314
30,30,-0.8734740740740745,106.17709629629628,5.072522222222222,-30.738427777777776,37.89340185185185,62.51800185185185,292.4185,19.753825925925927,-14.18893148148148,47.57046666666666,-3.4604777777777778,148.08177777777777,-19.044809259259264
31,31,-0.783471052471385,105.90113559830786,5.063216852324671,-30.678060791544755,37.88432280383537,61.976571813166395,292.27287364221394,19.82595144732475,-14.210724498003074,48.16697457525941,-3.328681120640395,149.90522708612266,-19.146483625841203
32,32,-0.6926057822761811,105.62182740792117,5.053163540240106,-30.61700060957087,37.87599820865423,61.4354726264105,292.0706951461206,19.898209136860093,-14.23193273439505,48.729633723997104,-3.1650626424496355,151.6858047072987,-19.236753666160524
33,33,-0.6009925925925926,105.33926481481484,5.04221851851852,-30.555098148148154,37.86843518518519,60.89480000000002,291.81792407407414,19.970585185185186,-14.25258518518519,49.25760185185186,-2.964003703703704,153.41624259259262,-19.315772222222225
34,34,-0.5087528224351409,105.05354859348351,5.030235324019952,-30.492181987596883,37.861654222636474,60.35463450652692,291.5205522800725,20.043065901562564,-14.272743916952619,49.750378752303796,-2.720476716577883,155.09087703018747,-19.38401734540848
35,35,-0.4160482637101507,104.76478440845203,5.017062137885554,-30.428051156320993,37.85565604769719,59.81506076607348,291.18450458675153,20.11562432903966,-14.29244698828314,50.2080235925457,-2.430423778957432,156.7061477288537,-19.442329882661667
36,36,-0.32303148148148153,104.47308518518518,5.002518518518519,-30.36249259259259,37.85044814814814,59.276148148148145,290.8156314814815,20.188249999999996,-14.311759259259258,50.63121666666666,-2.090953703703705,158.26064814814814,-19.49175925925926
37,37,-0.22984356450124263,104.1785669326835,4.986401826615832,-30.295280930559187,37.84605009908348,58.73794865818304,290.41966575479506,20.26094847221918,-14.330769968963208,51.02133200363305,-1.7005073833292432,159.75522691949246,-19.533493709191674
38,38,-0.13665626083191415,103.88133366568879,4.968529366838035,-30.226161600870963,37.84248206953181,58.20051006020968,290.002089438772,20.333710276279568,-14.349534429415323,51.3806085743863,-1.2591951600737588,161.19326473122132,-19.568791645835354
39,39,-0.04362777777777781,103.5814888888889,4.948712962962963,-30.154885185185186,37.83976111111111,57.663866666666664,289.56813703703705,20.40652777777778,-14.368133333333335,51.71204814814815,-0.7687648148148136,162.58037592592592,-19.598855555555556
40,40,0.049104716399912776,103.2791299592841,4.926758355597559,-30.081216266569072,37.83790381748135,57.12803930062811,289.122763828896,20.479399472194526,-14.386673782963024,52.019391452193844,-0.232630285148099,163.9243046438037,-19.624749658720685
41,41,0.1414034104172716,102.97431935289171,4.9024904244587315,-30.004926139274353,37.83693730160547,56.59304482308963,288.6705365821189,20.552325437365386,-14.405231937111628,52.30714281374588,0.34400196316489845,165.23488587449978,-19.647261869595653
42,42,0.23314999999999994,102.66710925925928,4.875748148148149,-29.925794444444453,37.836887037037044,56.058892592592606,288.21562037037046,20.625312962962965,-14.423883333333336,52.580338888888896,0.9543759259259266,166.523512962963,-19.666842592592594
43,43,0.3242518437570879,102.3575398086795,4.846380172326134,-29.84361531992639,37.837774196135484,55.52558495253098,287.7617447221765,20.698371298998055,-14.442705996634352,52.84443529553074,1.5903104145754865,167.8028743763381,-19.68354122483205
44,44,0.41464015207837934,102.04560860538494,4.814238221674732,-29.7582143626874,37.839619988335606,54.99312219555533,287.31210535835504,20.771490908564257,-14.461758094811383,53.10517072203394,2.2423583782643854,169.08663339654947,-19.696861154018162
45,45,0.5042703703703704,101.73129259259258,4.779201851851851,-29.66944074074074,37.842446296296295,54.461490740740736,286.86935740740734,20.844677777777775,-14.481096296296293,53.368287037037035,2.900203703703702,170.3888685185185,-19.705742592592596
46,46,0.5931267889290884,101.41454917292866,4.741183947228938,-29.57717530430711,37.846274708936626,53.9306656040786,286.4355841608612,20.917952966178746,-14.500773270055072,53.63937504463289,3.5528917956521138,171.7237584356296,-19.708538394277806
47,47,0.6812358791738689,101.0952974873811,4.700122662526638,-29.481362455496107,37.851122782006684,53.400629975041845,286.0122027695575,20.991317104207788,-14.520811294225817,53.92365627964024,4.189181381919186,173.10512070325635,-19.70295032232395
48,48,0.7686518518518518,100.77344074074074,4.655975925925926,-29.38196111111111,37.85699814814815,52.87137037037037,285.59999444444446,21.06477592592593,-14.54122037037037,54.225803703703704,4.797944444444443,174.54600740740742,-19.68606296296296
49,49,0.8554530366410938,100.44886610203329,4.6087172425141105,-29.278944015818926,37.86390574818158,52.34287067878049,285.1990811293311,21.138343067010492,-14.562001814314955,54.54981827857514,5.368427193689915,176.05844571150192,-19.654357268994087
50,50,0.9417456268633339,100.12142233592009,4.558328847936878,-29.172344993681936,37.871873856877194,51.81510033568892,284.8088208640092,21.21202214430907,-14.583139942045515,54.898811088677036,5.890695920593278,177.65300178511617,-19.60372319390801
51,51,1.0276648148148153,99.79094444444446,4.504827777777778,-29.062235185185187,37.88090185185186,51.288038888888906,284.42787407407417,21.28581666666667,-14.6045962962963,55.27500000000001,6.355885185185184,179.33865555555556,-19.52961296296297
52,52,1.1133694277499286,99.45725993180666,4.448257036445996,-28.9487108074186,37.8909631044259,50.76167794548783,284.0542089200086,21.359733991172636,-14.626316876582052,55.679687096845875,6.756398929724111,181.12265978328517,-19.427127569170334
53,53,1.199024707612396,99.12018277379885,4.3886340206609935,-28.831881242059165,37.90206546667456,50.236002708141946,283.68504920311466,21.43378653751833,-14.648258456825655,56.113186959094776,7.086314318458051,183.01020977533804,-19.291144899932743
54,54,1.2848148148148146,98.77951296296295,4.326005555555556,-28.71188148148148,37.9142074074074,49.711003703703696,283.3169222222222,21.507981481481483,-14.67035,56.574949999999994,7.341403703703703,185.00458148148144,-19.116529629629625
55,55,1.3709393908153868,98.43504420526259,4.260445876783334,-28.588870456765747,37.927369551915454,49.18668201209574,282.9456823653298,21.58231957209501,-14.692493717093047,57.06362844352228,7.519226135204847,187.10712609673996,-18.898289193217746
56,56,1.457589991644365,98.08658704596104,4.191994423484399,-28.463012628342604,37.94153485763672,48.663052667461685,282.56653828137974,21.656801863800798,-14.714607260098056,57.57716607801902,7.6194018629223175,189.3171122301105,-18.631868230939233
57,57,1.544961111111111,97.7339425925926,4.120688888888889,-28.334474074074073,37.95669074074075,48.14013518518519,282.1741277777778,21.731431481481483,-14.736603703703704,58.11300555555555,7.643416666666666,191.63199444444447,-18.313353703703708
58,58,1.633245829673713,97.37690578686245,4.0465743331708675,-28.203421746423913,37.97282626025044,47.61795513468914,281.76256072410007,21.80621285766365,-14.758390910320045,58.66819842385137,7.594586373294623,194.0475049537903,-17.93964719897824
59,59,1.7226107583991062,97.01530185045091,3.9696952469408617,-28.070023812624715,37.98992274600062,47.09655809311166,281.3254853644588,21.88114792331964,-14.779890303888612,59.239555074186285,7.478139608819241,196.5576809249461,-17.508817603449625
60,60,1.8132111111111113,96.64896111111112,3.8900814814814817,-27.934440740740744,38.00796851851852,46.5759962962963,280.85620740740745,21.956237037037038,-14.801011111111112,59.823822222222226,7.300907407407406,199.15520370370373,-17.020188888888892
61,61,1.9051908391570593,96.27772089860309,3.8077445132603893,-27.79681547465051,38.02695920270189,46.05632951689919,280.3477595416185,22.031477170449808,-14.82165742244931,60.417773564470856,7.071189263759373,201.8315505265574,-16.474456503314332
62,62,1.9986667987826203,95.9014568301732,3.7226801173639297,-27.657252709994616,38.04688454659134,45.537641157363424,279.79300942735296,22.10685568818853,-14.841774964164152,61.01832663411418,6.798630712673249,204.57714945713155,-15.873973827780684
63,63,2.0937277777777776,95.52005,3.6348833333333337,-27.515844444444447,38.06775,45.02002407407408,279.1847925925926,22.182362962962966,-14.86130740740741,61.62261296296297,6.493861111111112,207.38175555555557,-15.22260185185185
64,64,2.1904374411588625,95.13338830249688,3.544344668661136,-27.372670893196172,38.08957349664307,44.503581421515385,278.51600434003933,22.25799571793402,-14.880195445671218,62.22800857064723,6.1683026883352134,210.23464994887706,-14.52568650860205
65,65,2.288842874489001,94.74140330558157,3.4510244757151782,-27.227776610153043,38.11235487061277,43.988442801334166,277.77976362808437,22.33375352201934,-14.898418247907433,62.83216272796649,5.833912865176843,213.12490914293417,-13.790133475191821
66,66,2.3889537037037036,94.34403703703703,3.354877777777778,-27.081164814814816,38.13611296296296,43.47473333333333,276.9694925925926,22.409614814814816,-14.91596111111111,63.4329537037037,5.502844444444443,216.0417148148148,-13.024024074074074
67,67,2.490740950235725,93.9412399591239,3.2558558822890498,-26.932802475911988,38.160889091864796,42.962578559898986,276.07899189108474,22.485544910804705,-14.932813041913388,64.02844800209367,5.18723547855776,218.97454738597847,-12.236431228911297
68,68,2.594154706066136,93.53299850146638,3.1538867538968334,-26.782640065344033,38.186719718804916,42.45214948792651,275.102607291754,22.56154265986272,-14.948992440696246,64.61681616647003,4.898866409404742,221.91350344106564,-11.437208405151706
69,69,2.6991240740740743,93.11931296296297,3.048903703703704,-26.630594444444448,38.21364259259259,41.94361851851853,274.0352814814815,22.63759074074074,-14.964525925925928,65.19629074074075,4.648898148148149,224.84946851851853,-10.63652037037037
70,70,2.805551911524016,92.70019252441486,2.9408415928505716,-26.476545045291815,38.241700264086894,41.4371504472488,272.87259571539414,22.713651346089115,-14.979447223420735,65.76510886332805,4.447688524504954,227.7742412325995,-9.84456633401618
71,71,2.913300445279143,92.27566295774558,2.8295975548349963,-26.320339928806025,38.27094362063949,40.93292053718146,271.610855946182,22.789703661188938,-14.993815222251474,66.3213712157824,4.304456989946348,230.68076365475477,-9.071155047412216
72,72,3.022218518518519,91.84576666666668,2.7150796296296296,-26.1617962962963,38.30142962962963,40.431118518518524,270.24708703703703,22.86572592592593,-15.007696296296297,66.86305925925927,4.227153703703704,233.5631092592593,-8.325348148148151
73,73,3.132145413295283,91.41055908638764,2.5972057729001508,-26.00070559301558,38.33321933786202,39.931942242050454,268.77904613540636,22.941689023606095,-15.021160500242972,67.3880168938268,4.222332053812012,236.41650881417294,-7.615199710689666
74,74,3.2428952864152616,90.97009779037359,2.4758529506929654,-25.836848841918304,38.36637396054579,39.43557589269613,267.20526950760546,23.017556539169185,-15.034288023362073,67.89387317272784,4.294867252313251,239.23744520149563,-6.947273644078756
75,75,3.354264814814815,90.52444444444444,2.3509148148148147,-25.669987037037036,38.4009537037037,38.94221851851852,265.52496666666667,23.093296296296298,-15.047166666666667,68.37812777777778,4.448016666666667,242.02345740740742,-6.326575925925926
76,76,3.4660387442944254,90.07366493192525,2.222298212662366,-25.49985794828429,38.43701641934196,38.45208099632718,263.7379980540931,23.16888325600103,-15.059887982998655,68.83819582582984,4.683389584144404,244.7730748955873,-5.756443881757087
77,77,3.5779992023945906,89.61782716372561,2.0898551403260406,-25.326177534319047,38.474614803681895,37.96534854492633,261.8449069408151,23.244296529154894,-15.072538161058947,69.27146493080205,5.000789617884977,247.48579955027128,-5.238253953229434
78,78,3.689931481481481,89.15699814814816,1.9534462962962962,-25.148664814814815,38.51380555555556,37.48221481481482,259.8467851851852,23.319507407407407,-15.085201851851853,69.67541666666668,5.398442592592594,250.16182962962964,-4.771624074074078
79,79,3.801622726991286,88.69124495370725,1.8129491769381272,-24.96704196554336,38.5546451694138,37.0028841619484,257.74522833657494,23.39448026411206,-15.097963511395266,70.04771746614496,5.8730699980094005,252.80194527960506,-4.354491382880714
80,80,3.912853012129568,88.22063990919196,1.6682172306068612,-24.78101105555788,38.5971683390116,36.52754344820646,255.54232533184398,23.469187324417614,-15.110906931051623,70.38638873915914,6.419900155278082,255.40741544331627,-3.98316009619506
81,81,4.023407407407408,87.7452462962963,1.5190888888888892,-24.590281481481483,38.641407407407414,36.05637222222222,253.24054444444448,23.54361111111111,-15.124105555555557,70.6898925925926,7.033016666666668,257.9797944444445,-3.652737037037036
82,82,4.133085537835969,87.26511798650554,1.365395202743012,-24.394575591270588,38.687395719255036,35.58954905421508,250.8426916620711,23.617737698083562,-15.137620449511703,70.95721996220203,7.705520429139454,260.52082349076244,-3.3573745046359686
83,83,4.241717933125823,86.78031263492058,1.2069723021617749,-24.193617984231924,38.73515792327606,35.12725904409295,248.35188961172148,23.69153534053807,-15.151504072566361,71.18808852853707,8.429705765884771,263.03231706767906,-3.090621275531557
84,84,4.349140740740741,86.29088703703704,1.043648148148148,-23.98713888888889,38.78471481481482,34.669674074074074,245.77148703703702,23.76498888888889,-15.165811111111111,71.38293148148148,9.19741111111111,265.5160777777778,-2.8459203703703686
85,85,4.455198053741072,85.79689217972931,0.875244223878312,-23.77488092129826,38.83608125132258,34.21695033368808,243.1050285263837,23.83809826351591,-15.180588968325443,71.5429353928862,10.000217587446329,267.97385272687046,-2.6169263047937794
86,86,4.559774046144971,85.29836407160253,0.7015937650900897,-23.5566153464599,38.88925541264183,33.76924064508933,240.35624569316101,23.910839679054945,-15.195839796811537,71.67017295116887,10.829740443651886,270.4072756303904,-2.3980349491754036
87,87,4.662766666666667,84.79534814814815,0.5225222222222217,-23.33211851851852,38.944242592592595,33.32669444444445,237.52898148148148,23.9831962962963,-15.211575925925926,71.76746481481483,11.677877777777779,272.8178425925926,-2.184749999999998
88,88,4.764087077364828,84.28789728965002,0.33785397270560413,-23.101177471514035,39.001054487875635,32.88945630328905,234.6271668293861,24.055164465761933,-15.22782538139292,71.83833280843801,12.536978127070798,275.20690480888084,-1.9739578914206959
89,89,4.863684556525148,83.77604198068327,0.14745254901718516,-22.86362958225597,39.05968369733085,32.457661839009454,231.65482142312194,24.12674067377561,-15.24459245179372,71.88698806903398,13.400134587902778,277.575666174795,-1.764450248863737
90,90,4.961522222222222,83.25981666666668,-0.04880555555555569,-22.619314814814818,39.120125925925926,32.031437037037044,228.6160240740741,24.197916666666668,-15.26186666666667,71.91812777777778,14.261272222222225,279.9251592592593,-1.5569814814814822
91,91,5.057575624702592,82.73926219361483,-0.2510368227351126,-22.3680759021204,39.182383636549375,31.610900326624726,225.51488952672221,24.268679497205962,-15.279628922615736,71.93682145611002,15.11523428482329,282.2562279033592,-1.354394531748915
92,92,5.151852817909436,82.21440657977402,-0.4593397660922901,-22.109806898402162,39.24645448442066,31.19616899679062,222.3555262470076,24.33901631073096,-15.297859878094787,71.94834814973771,15.957974651184502,284.56949430096415,-1.1619692893750895
93,93,5.244374074074074,81.68528333333333,-0.6737611111111116,-21.84441851851852,39.31233888888889,30.7873462962963,219.14205555555557,24.40892222222222,-15.31653888888889,71.958,16.78647037037037,286.8653092592592,-0.9871555555555545
94,94,5.335167553245089,81.15193027966791,-0.8943005609560245,-21.57183124870641,39.380045230399894,30.384520697440525,215.8785983417061,24.478394722830622,-15.335645241674493,71.97094679520912,17.59871379461154,289.14369475447126,-0.8394964858487481
95,95,5.4242769106678566,80.61436810597444,-1.1209564622379138,-21.29199079509988,39.44959678003155,29.98777702415239,212.56921242730172,24.54740989867997,-15.355162713961219,71.99199494361747,18.3937736288174,291.40421021154197,-0.7306495691913762
96,96,5.511761111111111,80.0726314814815,-1.3536685185185187,-21.004872222222225,39.521003703703705,29.597201851851853,209.21789444444443,24.615953703703706,-15.375062962962964,72.02547222222222,19.171564814814815,293.645912962963,-0.6739074074074073
97,97,5.597687884789019,79.52676940349173,-1.5923132803063007,-20.710472210770675,39.594267421696536,29.21287880654126,205.82856407472124,24.684021519542103,-15.395309536272999,72.0751231144034,19.93276460105522,295.86728693084365,-0.683952703604032
98,98,5.682114329245747,78.97681521662508,-1.836747893167163,-20.408782614340392,39.66942142367517,28.83486962940861,202.4050089149139,24.751585508099907,-15.415886087183914,72.1438849017846,20.678770144028526,298.06605243291284,-0.7765437465194972
99,99,5.7651,78.42280925925927,-2.086777777777778,-20.099818518518518,39.74650555555556,28.463229629629634,198.950862962963,24.81861851851852,-15.436770370370372,72.2338888888889,21.41143333333334,300.2391666666667,-0.9679370370370369
100,100,5.846709061510347,77.86480378348205,-2.342155116418612,-19.78362154021741,39.82555381738447,28.098011743656873,195.4695709952004,24.885097908783422,-15.457934288095316,72.34642660067696,22.132935064605924,302.38279847761316,-1.2745443824403506
101,101,5.92700271111829,77.30285473473295,-2.6026071148046896,-19.460240977133438,39.90658497583791,27.73926315107988,191.96429537189084,24.95099249592591,-15.479370147217171,72.48183682265645,22.845646179077132,304.4922447683057,-1.7123974499828154
102,102,6.0060314814814815,76.73702962962963,-2.867807407407407,-19.129735185185183,39.98963148148149,27.38702962962963,188.43790555555555,25.01627037037037,-15.501064814814814,72.6396037037037,23.55195185185185,306.5620333333333,-2.296640740740741
103,103,6.0838373302652755,76.16740914824705,-3.1373763879630414,-18.792170093013738,40.07474095995741,27.04135179121178,184.89293904875575,25.080900712342018,-15.522996903097045,72.81839037875005,24.25415229794065,308.58598770910015,-3.0411855229888647
104,104,6.160466630525521,75.59408406003355,-3.410912139338549,-18.447613013401455,40.1619520514985,26.702250082417436,181.33148390472576,25.144850587126136,-15.545154958767265,73.01604947685945,24.954315526288617,310.55733605176096,-3.9580942843784723
105,105,6.235950000000001,75.01715925925926,-3.6879907407407413,-18.09614814814815,40.25130555555556,26.369753703703704,177.75515185185188,25.208074074074077,-15.567537037037038,73.22980555555556,25.654164814814816,312.4689777777778,-5.057298148148151
106,106,6.310303617073197,74.43675248127691,-3.968164726586622,-17.73787608570603,40.34284403902888,26.043899821648225,174.16504111947864,25.270517962495926,-15.590144165962922,73.45633328344255,26.35502749065101,314.3136529065792,-6.346340113615093
107,107,6.383552887158056,73.85298698913854,-4.250959543753906,-17.372896766042434,40.436599300696464,25.724702954753152,170.56164218864504,25.33214891999898,-15.612962101313236,73.69182979027546,27.057779007893444,316.0842260057291,-7.829827469587372
108,108,6.455705555555556,73.26601111111111,-4.5358777777777775,-17.001316666666668,40.532612962962965,25.412187037037043,166.9448555555556,25.392922222222225,-15.635983333333334,73.93221481481481,27.76281851851852,317.77400555555556,-9.509500000000006
109,109,6.526751580364409,72.67599294216723,-4.8224074248532265,-16.623254777652527,40.6309355315771,25.106387481410593,163.31397455261413,25.45277956918525,-15.65921113231799,74.1732303219557,28.470053010130957,319.37695991030535,-11.384147946909147
110,110,6.596689976244192,72.08308529682233,-5.110042666631769,-16.238852959477967,40.73160331600234,24.807325097569763,159.66761469240936,25.511674210555004,-15.682649096106385,74.41056175709313,29.178872614397914,320.88809524380923,-13.44927965884326
111,111,6.665512962962963,71.4874574074074,-5.398266666666666,-15.848266666666666,40.83466111111111,24.515025925925926,156.00382962962962,25.56955925925926,-15.706294444444445,74.63996296296297,29.88822037037037,322.30361111111114,-15.697518518518518
112,112,6.733205613652643,70.88929884623828,-5.686555888025198,-15.451667893336012,40.940161496328834,24.229526221255014,152.32014596416906,25.626383797592645,-15.73013864122138,74.8573364228396,30.596620000976507,323.62102918474494,-18.11872517603471
113,113,6.799760895486941,70.288798112876,-5.974410628597015,-15.049263253754667,41.04814047038694,23.950867066916203,148.61356110453687,25.682093937236047,-15.754175724285847,75.05886629050964,31.302195206845994,324.8394498630176,-20.69999632760654
114,114,6.86515925925926,69.68613333333334,-6.26132962962963,-14.641274074074076,41.15865185185186,23.679094444444445,144.88071666666667,25.736642592592595,-15.778405555555556,75.2410351851852,32.002737037037036,325.95935925925926,-23.426268518518523
115,115,6.9293715238041225,69.08147705057328,-6.546808478007044,-14.227942025347943,41.27176444308955,23.41425945155054,141.11797985110303,25.78998708133669,-15.802828061516559,75.40066745788067,32.69574483618745,326.9825381822965,-26.280609112912558
116,116,6.992388212150449,68.47501825600658,-6.830361346346449,-13.809565857833551,41.387519579428336,23.15641891470282,137.32153075738884,25.842072803753666,-15.827423526748657,75.53505149522688,33.37849073412074,327.91195709083587,-29.244553426962224
117,117,7.054201851851851,67.86693333333334,-7.1115203703703695,-13.386464814814815,41.505974074074075,22.905640740740736,133.4874851851852,25.892853703703704,-15.85217962962963,75.64188148148148,34.04807592592593,328.7512425925926,-32.29872962962963
118,118,7.114802166792982,67.25737951885198,-7.389830911069276,-12.958977731768332,41.62720017194529,22.662001985226134,129.61196701300113,25.94229713810308,-15.877089748131096,75.71925558694089,34.70146477011966,329.50431366644546,-35.42322160913063
119,119,7.174180178871758,66.64650493349313,-7.664839578278005,-12.527496684584442,41.7512424893465,22.42557798583685,125.69121504074512,25.990377029992956,-15.9021212084944,75.76573118587669,35.33554029718189,330.1747394635552,-38.59811763066055
120,120,7.2323314814814825,66.03445925925926,-7.936122222222223,-12.092427777777779,41.87816111111111,22.19645370370371,121.72155370370372,26.03705370370371,-15.927248148148148,75.78026111111113,35.9471462962963,330.76507962962967,-41.803953703703705
121,121,7.2892568222715575,65.42139396369708,-8.20328339904788,-11.654188812001212,42.0080310368468,21.97472609195817,117.69937904421806,26.08228190560431,-15.95245221204441,75.76217331073198,36.53311276853296,331.2763608982815,-45.02202921738572
122,122,7.344961109612461,64.80745341920702,-8.465927523208206,-11.213241155703793,42.14089673918671,21.760499430222836,113.62114298176628,26.12605397005711,-15.977691430581691,75.7111709781028,37.09029791202248,331.70704409578116,-48.23498503465918
123,123,7.399459259259259,64.19278888888888,-8.723688888888889,-10.770055555555555,42.27680185185185,21.55387962962963,109.48322407407407,26.168359259259258,-16.00292222222222,75.62728148148148,37.615625925925926,332.0525425925926,-51.42694814814814
124,124,7.452771602896348,63.57756436796919,-8.976234960923396,-10.325100684259725,42.415791888491704,21.35497585362867,105.28183651963337,26.2091769066125,-16.028104252040762,75.51082796495305,38.106105278779395,332.3047714197841,-54.583694155805375
125,125,7.504904916745219,62.961960768052755,-9.223246295333707,-9.878842252470376,42.55789162607129,21.163910745101845,101.01286955720717,26.2484956289959,-16.053192015808392,75.36238994240495,38.55885132161284,332.45116957834205,-57.69303218241392
126,126,7.55588148148148,62.346181481481466,-9.464437037037035,-9.431729629629627,42.703118518518515,20.980812962962958,96.67180555555552,26.286314814814812,-16.078129629629625,75.1827722222222,38.97111296296295,332.47474074074063,-60.74466666666666
127,127,7.605741708812313,61.73046315494952,-9.69955927747369,-8.984190383547034,42.8514823567696,20.805817751847258,92.2536573335285,26.322641906312246,-16.102853955758064,74.97298431658058,39.340290626834104,332.3539400075028,-63.730180527676374
128,128,7.654522745396755,61.115103574958184,-9.928396125867016,-8.536625481762139,43.00297045653842,20.639076241257904,87.75285297276898,26.357484218601584,-16.12730865630512,74.73420344190383,39.66396791566026,332.0622709475097,-66.64312121186586
129,129,7.702264814814815,60.50045,-10.15077962962963,-8.089387037037037,43.15756296296296,20.480746296296296,83.16338518518518,26.3908537037037,-16.15143148148148,74.46773703703704,39.93993333333333,331.56910740740744,-69.47862962962962
130,130,7.749011977540504,59.88689929377935,-10.366588133584813,-7.642771475522163,43.3152286645817,20.330993385538825,78.47892355717244,26.42276828656007,-16.17515256890136,74.17499444248368,40.16619065739187,330.8401085069288,-72.23326478173274
131,131,7.794807757492499,59.27491218945508,-10.575721551852569,-7.197019636232425,43.47589771471225,20.190002448695324,73.69303070353324,26.453250783964062,-16.198402629253465,73.85743348430348,40.34097288583388,329.837748172391,-74.90480737630138
132,132,7.839707407407406,58.665033333333334,-10.77814074074074,-6.752305555555556,43.639501851851854,20.057968518518518,68.79957407407407,26.482325925925924,-16.221116666666667,73.51655185185184,40.46277962962963,328.5228129629629,-77.49179074074073
133,133,7.883776594038708,58.05788896070527,-10.973871712055255,-6.308731330004777,43.805976491955924,19.935095132664856,63.793066225460414,26.510020827065222,-16.24323447799687,73.15386400987843,40.5303880416728,326.8553370456065,-79.99322429038153
134,134,7.927075502845293,57.45416131609622,-11.162979056859061,-5.866322745107801,43.97522697330131,19.8215988498045,58.66935479164916,26.536368937965236,-16.264698523613745,72.770834131212,40.542851731555864,324.7961342615751,-82.40816861328021
135,135,7.969674074074073,56.854612962962946,-11.345581481481481,-5.42504074074074,44.147153703703694,19.717699999999994,53.42616666666667,26.561399999999995,-16.285446296296293,72.36885740740739,40.49953148148147,322.30841296296285,-84.73534444444444
136,136,8.011650942567938,56.26008264443444,-11.521854175380819,-4.984781616423881,44.32165930099046,19.623622079450847,48.06358343466282,26.585139273148634,-16.305412976278422,71.94924881515568,40.40010509475152,319.35893132497756,-86.97286815055031
137,137,8.05307486533202,55.67144747045996,-11.692019537727141,-4.545367039446851,44.49864458914679,19.539597566537548,42.58503500781253,26.607615376355852,-16.324546865948022,71.5132224047908,40.24456678804704,315.92011838952305,-89.11778633719392
138,138,8.094020370370371,55.089637037037036,-11.856348148148149,-4.106566666666667,44.678014814814816,19.46582962962963,36.99763703703703,26.62886111111111,-16.3428,71.06186666666666,40.033211111111115,311.9710148148148,-91.16591111111111
139,139,8.134571787097606,54.51562443997764,-12.015159171259777,-3.6681072532902648,44.85968424317253,19.40249402079926,31.31258018629306,26.648909312516327,-16.360128054098574,70.59614532822707,39.76663259897735,307.49813476882514,-93.11169216300203
140,140,8.174818908099285,53.950382557037315,-12.168818888330566,-3.229679181633631,45.04358376309405,19.349780730555175,25.54604718329467,26.667780075872663,-16.37649957496723,70.11692391171655,39.44573871948393,302.4973082397581,-94.94796959989054
141,141,8.214846296296296,53.394890740740735,-12.31771111111111,-2.790959259259259,45.22965185185185,19.307831481481482,19.718957407407405,26.685496296296293,-16.391883333333332,69.62497777777777,39.07170555555555,296.9733166666666,-96.66620370370372
142,142,8.254735901215566,52.85012234104165,-12.462241026096944,-2.3516178720267584,45.41784239423444,19.276728985401427,13.856981080162875,26.70208396902105,-16.406247682336232,69.12101616411141,38.645955406157945,290.939969018823,-98.2566084140569
143,143,8.294584704025054,52.31699755988697,-12.602873911246443,-1.9113205157697275,45.608157106515534,19.256525528175935,7.990838178341263,26.717557400539135,-16.419571394841512,68.60575248269782,38.17012994865122,284.4207067750477,-99.7083573342502
144,144,8.334481481481479,51.796398148148135,-12.740072222222219,-1.4697629629629618,45.80061296296295,19.24719629629629,2.1553592592592543,26.73192777777777,-16.431838888888887,68.07994259259257,37.6460574074074,277.4468055555555,-101.01020740740739
145,145,8.374506481497813,51.289152052026346,-12.87428590740335,-1.026679443424428,45.99524226650734,19.24863523161076,-3.6110316209417106,26.745204936905925,-16.44303737240838,67.54442863737076,37.075722991211705,270.0564749103322,-102.15091918660704
146,146,8.414753573765896,50.79597066135287,-13.005985553618961,-0.5818344451781878,46.19212594760226,19.260688392302956,-9.267050889535309,26.757393764871463,-16.453153587930554,67.00024267047019,36.46120573310103,262.29374141200634,-103.11999624833688
147,147,8.455311111111111,50.317498148148154,-13.135637037037036,-0.13504999999999998,46.39137222222222,19.283118518518517,-14.769985185185185,26.7684962962963,-16.462183333333332,66.44863333333333,35.804633333333335,254.20582222222222,-103.9084685185185
148,148,8.496260806832005,49.85430926798552,-13.263689935437492,0.31378954611499676,46.59311085950211,19.31559560145652,-20.07664510393733,26.778510387716754,-16.470127246058706,65.89110684412728,35.108152821971835,245.84154289455125,-104.50946945770119
149,149,8.537694135281864,49.40685294733843,-13.390567940927959,0.7647499430831357,46.79749806663767,19.357705311116273,-25.14502628341401,26.787424100528305,-16.476969165404352,65.3295327639671,34.373878435476385,237.24884713570114,-104.91931819459272
150,150,8.579707407407406,48.97551111111111,-13.516666666666664,1.2178407407407406,47.00471666666667,19.40897222222222,-29.93576481481482,26.795233333333332,-16.482703703703706,64.76612592592592,33.60383888888889,228.4725185185185,-105.13799444444443
151,151,8.622392962298424,48.56060191101946,-13.642350349215413,1.6730159422578894,47.214973689704735,19.46885812705215,-34.41322006737617,26.8019379534058,-16.4873360477222,64.20345078809311,32.79994792928864,219.5526380276541,-105.16958182203281
152,152,8.665819395626029,48.162331849670586,-13.767942985627588,2.130183305406495,47.42849280151178,19.536736031912,-38.547527572087134,26.807512984088614,-16.49085361661925,63.644455119719524,31.963962116654912,210.52187596380566,-105.02322233055656
153,153,8.710079629629627,47.78087037037036,-13.89372222222222,2.5892129629629617,47.645512962962954,19.61193703703703,-42.31540555555554,26.81193518518518,-16.493244444444443,63.092407407407386,31.097475925925917,201.40471111111106,-104.71289259259257
154,154,8.75528833338434,47.416368172157746,-14.01991824575936,3.0499436592130134,47.86628129019135,19.693765228028024,-45.70093467334942,26.815191124573428,-16.494499164164544,62.550855903853716,30.20189822922113,192.21670526763768,-104.25741603704084
155,155,8.8015269233728,47.0689396558687,-14.146715407926884,3.5121950020179793,48.09103277318309,19.781497352387024,-48.6972740605114,26.817273383159513,-16.494598133931884,62.02355914530241,29.27838516202706,182.96293727664477,-103.68072097640946
156,156,8.848888888888888,46.73870185185186,-14.274238888888888,3.9757870370370365,48.32001481481481,19.87440555555556,-51.3063037037037,26.818153703703704,-16.493524074074074,61.51437222222222,28.327920370370368,173.63913888888888,-103.0108
157,157,8.897485954739405,46.42579111372934,-14.402553994021964,4.440547893034364,48.55348021659557,19.97177111472291,-53.538719063219794,26.81778847649325,-16.491260412447,61.027172812360966,27.35132302740646,164.23214182352476,-102.27916731930974
158,158,8.947420151620603,46.1303762817367,-14.531677046336467,4.906318876480429,48.791641674629005,20.072905639503613,-55.41469329427723,26.81616122513768,-16.48777382495666,60.56573409421233,26.34919400631916,154.72018356354076,-101.52013944617177
159,159,8.998796296296296,45.85267037037037,-14.661568518518518,5.372957407407409,49.034714814814805,20.17717037037037,-56.96233333333333,26.813251851851852,-16.483035185185184,60.133599999999994,25.32201111111111,145.0753425925926,-100.76930185185184
160,160,9.05172580114294,45.59294075338663,-14.792130880424713,5.840345087438113,49.28291657067899,20.283984561906223,-58.216980428462755,26.809029096400717,-16.477019106664187,59.73400311254722,24.27016167161636,135.26487607789787,-100.06256299022346
161,161,9.106324746640743,45.35152979736155,-14.923209605667056,6.308409323577627,49.53641706394129,20.392834549909047,-59.22048871231879,26.80345948893269,-16.469681780344768,59.369723797813016,23.193951159637482,125.25310778439541,-99.4346272919435
162,162,9.16271111111111,45.12884999999999,-15.05460185185185,6.777101851851851,49.795385185185175,20.503298148148147,-60.01898888888888,26.796505555555548,-16.460983333333328,59.043038888888866,22.093692592592586,115.00393148148144,-98.91765925925925
163,163,9.221004205020332,44.92537984520597,-15.186061596670239,7.246395951126767,50.059988261250574,20.615048417259096,-60.661643560773534,26.78812833813734,-16.450888562333088,58.755679953972134,20.969747165345716,104.48234905579439,-98.54032291144516
164,164,9.281325203956133,44.74165617624963,-15.317306952892606,7.71629944510161,50.330345300110245,20.727841982405522,-61.19885464526427,26.778296722800697,-16.439346888621852,58.50874934951844,19.822565781417648,93.6569425647708,-98.32601287423331
165,165,9.343788888888888,44.57826481481481,-15.448016666666668,8.18683888888889,50.60657222222222,20.841529629629626,-61.680231481481485,26.766970370370373,-16.426314814814813,58.302764814814815,18.652757407407407,82.50131666666667,-98.2923537037037
166,166,9.408503988208915,44.43583764191118,-15.577837234275524,8.658050354536977,50.88878705665071,20.956056791380956,-62.15332441550816,26.75409809019696,-16.411756774229485,58.1376780400448,17.461131496447138,70.99516090898351,-98.45065694696375
167,167,9.47558236114569,44.31505090881636,-15.706408585309578,9.129966995636476,51.17707968904261,21.07145354670381,-62.66155938036594,26.73963008981068,-16.395625003296697,58.01289158104182,16.24876477335071,59.12624950785344,-98.8046653615891
168,168,9.545135185185185,44.216590740740735,-15.833353703703702,9.60262037037037,51.47152962962963,21.187825925925925,-63.243272222222224,26.723514814814816,-16.377872222222223,57.92741481481481,15.017005555555555,46.89039999999999,-99.3511425925926
169,169,9.617271177229624,44.1411389110981,-15.95828313997724,10.076033292226256,51.77221269921215,21.305349611319883,-63.93097445661511,26.705697805278607,-16.358456208292658,57.87994120747827,13.767499751992656,34.29172239425669,-100.0799864859652
170,170,9.692094655924402,44.089361691212346,-16.08082078602313,10.550196038390617,52.07920278818719,21.424257328512294,-64.7499399171701,26.686121585303336,-16.337340263156072,57.8689442391137,12.502269371967133,21.343477019802044,-100.974004794324
171,171,9.769692592592591,44.06188888888888,-16.20060555555555,11.025077777777776,52.39257037037036,21.544814814814814,-65.71859444444443,26.664720370370365,-16.314487037037033,57.89287037037035,11.223674074074072,8.066846296296292,-102.0103907407407
172,172,9.850138446366573,44.05930635900408,-16.31729421511779,11.50062019479244,52.71237763218218,21.667313350087785,-66.84855528848885,26.641420497832478,-16.289859154213396,57.950242554637256,9.934405154906925,-5.509536003929299,-103.16144713501241
173,173,9.933516141411852,44.08215145128415,-16.430569867573926,11.976705936893957,53.03866599852742,21.79206853120634,-68.14436173710752,26.616146932968267,-16.263427021080414,58.03980334954045,8.63750725723434,-19.349873562587526,-104.39545450243149
174,174,10.0199,44.13087962962963,-16.540144444444444,12.453179629629629,53.37148333333334,21.919392592592594,-69.60481666666666,26.58882037037037,-16.23516111111111,58.16067037037037,7.336346296296296,-33.41295925925925,-105.67849259259259
175,175,10.10935150262942,44.205855053230614,-16.645763100752763,12.929853550094284,53.710883136249265,22.049586123928318,-71.22361288812753,26.559357820068797,-16.20503175865096,58.31241765758046,6.034586545647861,-47.653033856676274,-106.97548746456538
176,176,10.201930020686559,44.30735444295228,-16.74721545329033,13.406502921746256,54.05689499092253,22.18293900823935,-72.99001377133406,26.527676971451356,-16.173016564205643,58.495184067347,4.736149650438234,-62.02081231441101,-108.25178155933301
177,177,10.297687037037038,44.43557222222222,-16.844325925925926,13.882864814814813,54.409540740740745,22.319714814814816,-74.89039259259259,26.49368148148148,-16.1391,58.70972037037036,3.445166666666666,-76.46506296296295,-109.47463148148147
178,178,10.396668530088652,44.590613014482585,-16.936952089796776,14.358640000354661,54.768835246501084,22.46014547132847,-76.90902782019364,26.457263811663022,-16.103270446323965,58.95741692858136,2.165952986220995,-90.93347194015351,-110.61418724544603
179,179,10.4989278793385,44.77246431657727,-17.024989276844614,14.83350019389104,55.13477141896959,22.604430464803045,-79.02913908626057,26.418328129627838,-16.065512353793128,59.240344649558985,0.9029725539765733,-105.37386598594092,-111.64516702644733
180,180,10.604507407407405,44.98102222222221,-17.10836296296296,15.307099999999998,55.507324074074056,22.75274259259259,-81.23398888888887,26.376770370370362,-16.02582222222222,59.56117407407406,-0.33923333333333194,-119.73518333333331,-112.54751481481479
181,181,10.71343823411239,45.21609511934714,-17.187024729790334,15.779081832100035,55.886452015726114,22.905226949293038,-83.5074961419085,26.332476764063955,-15.9842051757556,59.92313305997965,-1.5560817070037471,-133.9680888747446,-113.30696401283116
182,182,10.825758781136164,45.47738961052878,-17.26094676821332,16.249080313990337,56.272099181922066,23.061992437274903,-85.83512417705488,26.28533961425747,-15.940649118664968,60.32994980562847,-2.7429914393479184,-148.02600181798118,-113.91620660516838
183,183,10.941512962962962,45.76453888888889,-17.330107407407407,16.716735185185186,56.664175925925925,23.223122222222223,-88.20428333333332,26.235244444444444,-15.895151851851852,60.78569814814815,-3.8954092592592584,-161.86539444444443,-114.37452037037038
184,184,11.060746308527351,46.077107133743716,-17.394486171163642,17.181693029018447,57.06256108066037,23.388679143876942,-90.60460438051726,26.182068498401083,-15.847726568438226,61.294708051051515,-5.008836459033576,-175.44607717595758,-114.68774555970471
185,185,11.18349690841968,46.41457500448828,-17.454062185960797,17.64360101953204,57.467126112850245,23.558711736606686,-93.02842765039559,26.125689570113973,-15.798390739615188,61.86142978973345,-6.0788885759038855,-188.73183120791074,-114.86858113863994
186,186,11.309805555555554,46.77635555555556,-17.508807407407406,18.10212962962963,57.877711111111104,23.73325185185185,-95.47066666666667,26.065985185185188,-15.747164814814814,62.49027592592592,-7.101294444444444,-201.69020185185184,-114.93534074074074
187,187,11.43971810996192,47.1618076337234,-17.55867796279701,18.556975992539567,58.2941252671544,23.912322834531526,-97.92878631016171,26.002831733441607,-15.69407192641254,63.18553034061268,-8.071905194088924,-214.29252780265162,-114.91138191631364
188,188,11.573282230292172,47.57026024654579,-17.603593931259784,19.007852135041112,58.71617243364666,24.095966388250257,-100.40287232491654,25.936102707530225,-15.639137971201478,63.95121004899375,-8.986725715213018,-226.51424599811725,-114.82449950040011
189,189,11.71054444444444,48.00098888888888,-17.64344444444444,19.454499999999992,59.143627777777766,24.284211111111105,-102.89517777777775,25.865662962962958,-15.582396296296293,64.7909611111111,-9.841905555555554,-238.33439999999993,-114.70529629629628
190,190,11.85154872613844,48.45321928570892,-17.67808939578595,19.89669562648055,59.57623696677139,24.47707620485931,-105.40992474363941,25.791375632607245,-15.523888494615822,65.70799998227218,-10.633736121037067,-249.7355232408622,-114.58630723576461
191,191,11.996335179868307,48.92616350888141,-17.70735833864465,20.334245880645767,60.01373843831291,24.674614612477203,-107.95311404795628,25.713127484829098,-15.463662530730895,66.7050281115428,-11.358650792359676,-260.7037529577757,-114.50079135941714
192,192,12.144948148148147,49.41901111111111,-17.731040740740738,20.766970370370373,60.45587037037038,24.876887037037037,-110.53197592592593,25.630785185185186,-15.40177962962963,67.78424814814815,-12.01318888888889,-271.2282722222222,-114.48135
193,193,12.29743476928217,49.93092917004241,-17.748887295627444,21.1947055765421,60.902365381499784,25.08396070016549,-113.15469775511137,25.544199139520735,-15.338310345259693,68.94736467868763,-12.593990280951402,-281.30115065584056,-114.55909613336195
194,194,12.453832167150852,50.4610733222384,-17.760623427049314,21.61733443268286,61.35292955732955,25.295932493700914,-115.83009121889967,25.453257868828835,-15.273316677138054,70.19557164703646,-13.097810069180571,-290.91738532843976,-114.7623493531134
195,195,12.614164814814815,51.0085962962963,-17.76594259259259,22.034757407407408,61.80727777777778,25.512909259259256,-118.5671611111111,25.35783148148148,-15.206883333333334,71.52966666666666,-13.521420370370368,-300.0744018518518,-115.11604814814815
196,196,12.778451006774935,51.57264972588626,-17.764507571530576,22.446885805876967,62.26513989685945,25.73500590198437,-121.3748609061091,25.257770276787383,-15.139117312956822,72.95011230947814,-13.861587620238609,-308.7719153647727,-115.64130337753079
197,197,12.946723802218928,52.15238220684564,-17.755962712748094,22.853650923141938,62.72624381423222,25.962360258183317,-124.26173400429309,25.15295764448108,-15.070115393646336,74.45712062597983,-14.11509600607227,-317.01197655121643,-116.35454224535013
198,198,13.118999999999996,52.74694814814813,-17.7399537037037,23.255001851851848,63.1903148148148,26.195133333333327,-127.23573333333331,25.043272222222214,-14.999983333333331,76.0508111111111,-14.2786537037037,-324.7985592592592,-117.26786111111107
199,199,13.295276719256897,53.3555128085517,-17.71612618179516,23.650903044555726,63.65708233776983,26.43350224311635,-130.30408229667106,24.928585352786538,-14.928841089633769,77.73130038377309,-14.348853754926852,-332.13745423149834,-118.38912522614322
200,200,13.475552367069183,53.97725884932085,-17.684103248269007,24.04132938293673,64.12630023423995,26.677639515927304,-133.47300541733568,24.808792020847342,-14.856818175474464,79.49883700694201,-14.322144578245497,-339.03633604565596,-119.72193721210422
201,201,13.65982037037037,54.611379629629624,-17.64350925925926,24.426268518518516,64.59772777777778,26.927735185185185,-136.74778703703703,24.68378148148148,-14.784046296296298,81.35397037037038,-14.194794444444442,-345.50445,-121.26667962962964
202,202,13.848065861175538,55.25708096557974,-17.59398531105023,24.805721975653576,65.07112442313912,27.183996969408643,-140.13274035565377,24.553434333006035,-14.710659862354877,83.29765465456606,-13.962855895239398,-351.55253907510684,-123.02107660603285
203,203,14.040262697517846,55.913593672672405,-17.53521095231844,25.17970570546208,65.546253498049,27.44662842433257,-143.63104629656902,24.417644296215727,-14.636804632269136,85.33141605831436,-13.62208872036603,-357.19291889729647,-124.98096445799143
204,204,14.236377777777777,56.580174074074066,-17.46685925925926,25.548242592592594,66.02288703703704,27.71584259259259,-147.24490555555553,24.27632222222222,-14.562635185185185,87.45743888888889,-13.167968518518519,-362.4392111111111,-127.14146111111111
205,205,14.436372497694471,57.256106580621044,-17.38859883134434,25.911365519944166,66.50080300181584,27.99186060981185,-150.97555312143885,24.129390028090896,-14.488306997052005,89.67866059633846,-12.595668833294544,-367.3062764962667,-129.49768607861844
206,206,14.6402028330229,57.94071107289382,-17.30014391134964,26.269134032627,66.97977198947486,28.27489347273969,-154.82314787866295,23.976759607654323,-14.413955661204318,91.99899158174982,-11.899993940349487,-371.8102650048345,-132.04591760032415
207,207,14.847818518518515,58.63332592592591,-17.201209259259254,26.62162407407407,67.45955925925925,28.565159259259254,-158.7868481481481,23.8183537037037,-14.33972222222222,94.42332037037035,-11.075398148148146,-375.96839074074063,-134.78432777777775
208,208,15.059167556478453,59.333313838011954,-17.091503403216286,26.968928088201206,67.93992123739912,28.862879894431885,-162.8647704912662,23.654109530774104,-14.265756957827241,96.95757469554391,-10.115981433435751,-379.7988373595958,-137.7134904973687
209,209,15.27421002378773,60.04009598432961,-16.97075373798943,27.31116581304443,68.42059296913969,29.16825433668436,-167.05377873722333,23.48396826307101,-14.192204597156477,99.60891546889953,-9.015455045349793,-383.3206765613339,-140.83729120580628
210,210,15.492892592592593,60.753120370370375,-16.838681481481483,27.648472222222225,68.90131111111111,29.48148888888889,-171.34945740740739,23.307874074074075,-14.119196296296296,102.38568333333333,-7.767177777777778,-386.55360185185185,-144.16291111111113
211,211,15.715154225788535,61.471859648117025,-16.69499627596077,27.98100302351474,69.38180508994739,29.80279007958713,-175.74598464792086,23.125776598905638,-14.046852895382566,105.29742739093365,-6.364158820539665,-389.51776457648253,-147.70089439620344
212,212,15.940968501377098,62.19583675436002,-16.539404442450248,28.30896300157256,69.8617479598252,30.132313605724814,-180.23574799527645,22.937638599345313,-13.97530149734025,108.3550506344215,-4.7990310841221895,-392.23350479622763,-151.46538253199301
213,213,16.170307407407407,62.924609259259256,-16.371587037037038,28.63257407407407,70.3408037037037,30.470225925925927,-184.8092851851852,22.743424074074074,-13.904653703703703,111.5706574074074,-3.064099999999999,-394.7209685185185,-155.4733740740741
214,214,16.40313755792183,63.65776862931653,-16.191194665995855,28.95207425472263,70.81863205204277,30.816700561351748,-189.4551398196804,22.543095638541395,-13.835005182467038,114.95751645928296,-1.1513532338180414,-396.9998255588967,-159.74434949941073
215,215,16.639446320594512,64.39495369330874,-15.99785358662958,29.267746524472116,71.29485466868738,31.17184478543832,-194.1594544449316,22.336618081124204,-13.76645600895412,118.53009224702026,0.9475564245662137,-399.088733864317,-164.29979791836456
216,216,16.879238888888885,65.13582777777776,-15.791166666666664,29.579894444444434,71.76906851851851,31.53574814814814,-198.90605925925922,22.12394814814814,-13.69909259259259,122.30378148148147,3.241257407407407,-401.00487037037027,-169.16217222222218
217,217,17.1225388690677,65.88007715682733,-15.570705454016865,29.88883914891201,72.24085193769118,31.908485543397685,-203.6764375052452,21.905036551922176,-13.632985502777379,126.29478362887669,5.738651338582074,-402.7635310395668,-174.35429331433912
218,218,17.36939391012855,66.6274287379707,-15.335986236756177,30.194934500159253,72.70976863636609,32.29007587326502,-208.44952946010432,21.67984375450054,-13.568201420884408,130.5199421956048,8.448940232438893,-404.37730311765455,-179.8984685720252
219,219,17.61986851851852,67.37762962962964,-15.086505555555554,30.498542592592592,73.17536481481481,32.68050185185185,-213.2021666666667,21.44832037037037,-13.504798148148147,134.9963611111111,11.381581481481485,-405.85566666666665,-185.81569259259257
220,220,17.874043440301712,68.13043824665016,-14.821740812325272,30.800032197672436,73.63717031568859,33.07971000917888,-217.90929581616734,21.210401136380003,-13.44282697301434,139.7411584602175,14.546268544612209,-407.20456942027835,-192.12514825936233
221,221,18.132021164689505,68.88561729397397,-14.541116622332733,31.099797451694396,74.09470569174137,33.48758931955866,-222.54427274275716,20.96600641603973,-13.38234454186381,144.7710515092805,17.952915814489604,-408.4254485345627,-198.84339137668337
222,222,18.393925925925924,69.64292592592592,-14.244027777777777,31.39822222222222,74.54749074074074,33.903977777777776,-227.07963148148144,20.715044444444445,-13.323388888888887,150.10193888888887,21.611640740740743,-409.5151055555555,-205.98413703703702
223,223,18.659903245773545,70.40211748694706,-13.929846371211932,31.69567012330327,74.99504469045411,34.32866597056622,-231.487597542497,20.457412142034492,-13.265982928751281,155.74856122020336,25.53273578941771,-410.46541416394683,-213.55808540315272
224,224,18.930118033384595,71.1629382747843,-13.597920001279386,31.992489837279695,75.43687984087998,34.76140018354662,-235.74098166826232,20.19299469831362,-13.210168530092362,161.72382084104322,29.72659571088151,-411.2625011261682,-221.5725680403617
225,225,19.204738888888887,71.92509074074073,-13.247579629629627,32.28901851851851,75.87252962962962,35.201870370370365,-239.81405185185181,19.921648148148144,-13.155975925925922,168.03845555555552,34.203674074074065,-411.8871203703703,-230.03190370370365
226,226,19.483938900390726,72.68822556923689,-12.878138288619832,32.5855686643758,76.30154622858382,35.64971076667689,-243.68319131514195,19.64320527185601,-13.10342031208247,174.70068895184724,38.974429900925365,-412.3146727021383,-238.93754985391095
227,227,19.76791209830516,73.45195312090712,-12.488879925071204,32.88238571603751,76.72346701884993,36.10451475901018,-247.32815504364137,19.357509620981983,-13.052522766946435,181.7154246274628,44.0491967030081,-412.51490042795115,-248.28823642843278
228,228,20.056837037037038,74.21583333333332,-12.079077777777776,33.179690740740746,77.13786666666667,36.56585185185185,-250.73260370370372,19.064374074074074,-13.003298148148147,189.08415000000002,49.4381,-412.4528574074074,-258.0806351851852
229,229,20.35086920606155,74.9793581778427,-11.647997694157025,33.47767396259442,77.54435840821054,37.03327104548916,-253.8846017885579,18.763579770945544,-12.955754458235957,196.80469123871796,55.15096595111017,-412.0893675891717,-268.3096683129189
230,230,20.650153674849324,75.7419098074903,-11.194890307742103,33.776431929358026,77.94254635168872,37.50629574300753,-256.7776896971763,18.454914686792115,-12.909902882054848,204.87051488993964,61.19710689666496,-411.3815437540373,-278.96883791106
231,231,20.95480925925926,76.50281666666667,-10.719005555555556,34.07601296296296,78.33206666666666,37.98443703703703,-259.41058703703703,18.13815,-12.865735185185185,213.27096296296295,67.58522407407408,-410.2842074074074,-290.0507722222222
232,232,21.264916404224014,77.26134406459377,-10.219591569496346,34.37642257326292,78.71259315988925,38.46720581804507,-261.78713447912673,17.81303957350792,-12.823227562754552,221.99121637374196,74.32328689884086,-408.75074672870863,-301.5474594076101
233,233,21.58049627688301,78.0166103842315,-9.695877730369089,34.67759305080471,79.08381194594439,38.95413682279332,-263.916395915729,17.479342907687972,-12.782373617486737,231.0119417877948,81.41823949364746,-406.73448078426406,-313.4504534484908
234,234,21.901525925925924,78.76767037037035,-9.147105555555555,34.979403703703696,79.44543333333333,39.44477962962963,-265.8113185185185,17.136807407407407,-12.743137037037036,240.30991481481476,88.87594814814814,-404.19019259259255,-325.7509611111111
235,235,22.22793370410364,79.51352690205337,-8.572532358352552,35.28168136349819,79.79719342969045,39.9387062233287,-267.4878743348551,16.78517370946829,-12.705451242001267,249.85824162879146,96.7010747753273,-401.0751979296202,-338.4398064663323
236,236,22.559568687109557,80.25308214239523,-7.971411909194694,35.584182167367466,80.13884613158754,40.435543095715005,-268.96361114772156,16.42420995773934,-12.669264868383623,259.6264554615471,104.89672132304143,-397.3512757030265,-351.50722895491646
237,237,22.896198148148148,80.98516666666667,-7.3430129629629635,35.88663148148149,80.47016296296297,40.93493333333334,-270.2554203703704,16.053685185185188,-12.634492592592593,269.58141111111115,113.46447592592594,-392.9857518518519,-364.9425962962963
238,238,23.23751100878249,81.70855677540169,-6.686629348674161,36.18872886139064,80.79093625495409,41.43653658976383,-271.3779276080217,15.673365953012617,-12.60100909823991,279.68773666253213,122.40433512720652,-387.95244856581127,-378.7341025202152
239,239,23.583128854310704,82.42199763399337,-6.001592221950383,36.49012389041948,81.10098787433338,41.940066105694264,-272.3405063114952,15.283034772267618,-12.568680424657622,289.90840051748876,131.7144027875086,-382.23367453135626,-392.8680820300827
240,240,23.932585185185186,83.12420740740741,-5.287270370370371,36.79043888888889,81.4001462962963,42.445238888888895,-273.14497222222224,14.882507407407408,-12.537342592592594,300.2056,141.39100370370372,-375.82042962962964,-407.3286407407408
241,241,24.285323436683935,83.81388784383093,-4.543076671233884,37.08927969185567,81.68824726723903,42.951758433913675,-273.78370113492514,14.471627684834587,-12.506794857637331,310.5413066260819,151.42867653917125,-368.71291491354935,-422.097283480603
242,242,24.6407121593858,84.48975517246963,-3.7684882516085425,37.38624550838191,81.96515873185118,43.45931050471815,-274.2358471720589,14.050236250440774,-12.476801543215423,320.87814128947025,161.820033751463,-360.92197857272396,-437.15207886267757
243,243,24.998048148148147,85.15055740740739,-2.9630388888888888,37.68092592592592,82.23077037037037,43.96752962962963,-274.4662833333333,13.618203703703703,-12.447096296296296,331.179987037037,172.55596851851848,-352.46825185185185,-452.4675666666666
244,244,25.35655654237847,85.79508504097504,-2.12632854791388,37.97290692061088,82.48498707761327,44.475975586536805,-274.4243515182411,13.175438095576668,-12.417378167941955,341.4124424537865,183.62571968594298,-343.38204047078796,-468.01456387627223
245,245,25.71538925089019,86.42219021268005,-1.2580607216940465,38.261791964924505,82.7277213400329,44.984091728535425,-274.0408936035025,12.721873968471115,-12.387295707107269,351.5436791125977,195.0168770032062,-333.7038352947352,-483.7596324040563
246,246,26.07363703703704,87.03082037037038,-0.3580185185185194,38.54717592592593,82.95892037037038,45.491177777777786,-273.22965740740744,12.257474074074075,-12.35645925925926,361.5446277777778,206.71570740740742,-323.48258333333337,-499.66555000000005
247,247,26.430338389810753,87.62002625519683,0.5739317329495514,38.828646551977855,83.17856468628787,45.996367061552185,-271.8876748529615,11.782225406325347,-12.324442223316867,371.38920302185073,218.70729165661947,-312.77497671177895,-515.691503448384
248,248,26.784495789290958,88.1889556102639,1.537804951733047,39.105815388764306,83.38663790240928,46.498579318920505,-269.89510840729145,11.296125851364556,-12.290772101142283,381.05484776838193,230.9756431960333,-301.64488050555474,-531.7932462618791
249,249,27.13508888888889,88.73688518518519,2.5335277777777776,39.3783,83.58316481481481,46.9964962962963,-267.1196796296296,10.799212962962963,-12.254933333333334,390.5222537037037,243.50406851851852,-290.16125740740745,-547.9241296296296
250,250,27.48107186147415,89.26322965112232,3.560937143912642,39.645714080055775,83.76821338638402,47.48854585406895,-263.4193220747974,10.291562380358213,-12.216370708837157,399.7753073967054,256.27534814321814,-278.39707965324055,-564.0357174600889
251,251,27.82135509136438,89.76753757655662,4.619745683816923,39.907656468173656,83.94186210576844,47.9728748406042,-258.64637018911293,9.773254685886393,-12.17449669928253,408.8011986296623,269.2719623091632,-266.4278817007259,-580.0787507217864
252,252,28.154859259259254,90.24949814814812,5.709585185185184,40.16372962962963,84.10421296296296,48.44735925925925,-252.65424629629626,9.244401851851851,-12.128688888888886,417.5898259259259,282.4763777777777,-254.3299111111111,-596.0044481481481
253,253,28.4805230892088,90.70894551346501,6.830014344928194,40.4135330790912,84.25539981499509,48.90960809157246,-245.3021967456387,8.705149359018534,-12.07828926418932,426.1335281726328,295.8712133498137,-242.1789952922915,-611.7653834482879
254,254,28.797274049481192,91.14586408292796,7.980499367931568,40.656625302841015,84.3955985879509,49.35696625475085,-236.46395688775144,8.155655869014787,-12.022605351364577,434.42681336239013,309.4394901747756,-230.04871975179518,-627.3170284521844
255,255,29.10405740740741,91.56035740740742,9.160442592592595,40.892557407407416,84.5249925925926,49.78656666666667,-226.03451111111116,7.596114814814816,-11.960920370370372,442.4657222222223,323.16480185185185,-218.00931111111115,-642.618825925926
256,256,29.39984308840919,91.95264683779953,10.369194274930802,41.1208683001977,84.64377078623609,50.19536454728703,-213.935660416274,7.026754914762942,-11.892499085835277,450.24750533290876,337.0314259969678,-206.12681733322086,-657.635041762439
257,257,29.68361795253839,92.32309662147179,11.60606137943388,41.3410359060313,84.75215598562636,50.580196896003855,-200.12728707616736,6.447820690197001,-11.816595640946367,457.7702158786441,351.0245163242557,-194.46156745814784,-672.336449803588
258,258,29.95441111111111,92.67216851851853,12.870337037037038,41.55251481481482,84.85037222222223,50.937866666666665,-184.61107037037038,5.859603703703704,-11.732444444444445,465.0323,365.13012222222227,-183.06809814814812,-686.7006555555555
259,259,30.21129276854736,93.00041076442547,14.161307973238776,41.7547330002199,84.93863728284519,51.26520380089859,-167.43478454173217,5.262447088266244,-11.63926323242914,472.03239806559367,379.3352298944297,-171.9949006649823,-700.7125905262706
260,260,30.4533466276202,93.30846831589412,15.478250959232097,41.9470437053285,85.01717272796519,51.559180206998725,-148.70247637612067,4.656728512536028,-11.53627244218636,478.7691105161325,393.6278754018436,-161.28367637695138,-714.3657879338539
261,261,30.679707407407403,93.59704629629628,16.82048148148148,42.12877037037037,85.08619259259258,51.81702037037036,-128.57229444444442,4.0428796296296285,-11.422701851851848,485.24095370370367,407.99703148148143,-150.97034074074074,-727.6617759259258
262,262,30.889563558771076,93.86690441285371,18.187364744102812,42.29920282496591,85.14589726413126,52.03627693689828,-107.25727563710082,3.421394101485375,-11.297787539914724,491.44639769514566,422.4325830600346,-141.0854283276905,-740.6100029030239
263,263,31.082128455543554,94.11887468444766,19.578303010034958,42.45754085196956,85.19646625252528,52.21496667413192,-85.03002718266356,2.792832806295059,-11.16075764431287,497.38403244460454,436.9253605635571,-131.65439969297134,-753.2282045213949
264,264,31.256672222222228,94.35382222222223,20.992772222222225,42.60295185185186,85.23806296296297,52.351664814814825,-62.213525925925936,2.1578296296296298,-11.010855555555557,503.05287777777784,451.4669592592593,-122.69927777777778,-765.5410055555557
265,265,31.412525792244953,94.57263901278303,22.43033692156639,42.734574587711684,85.27083216533559,52.445572149696545,-39.17699673708352,1.5170950238872538,-10.847344219381192,508.4526526568422,466.04968397485703,-114.23951341240048,-777.5792865358139
266,266,31.54906128359726,94.77626368612628,23.890659082492252,42.85147225516726,85.29488745485118,52.49663903331726,-16.33172907828184,0.871421927857979,-10.669496169414618,513.5843377412542,480.6665497856276,-106.29314833699006,-789.379529480904
267,267,31.66570925925926,94.96566481481483,25.373481481481484,42.952666666666666,85.31032222222223,52.505603703703706,5.883666666666667,0.22169259259259264,-10.476601851851852,518.4506259259259,495.31110370370374,-98.87837592592594,-800.9820000000001
268,268,31.761964542260497,95.1418401200184,26.8786340508307,43.037146752791976,85.31721546483331,52.47402911221423,27.012003142347776,-0.4311207629485673,-10.267973095207982,523.0563099396035,509.97736439866316,-92.01445100970263,-812.429737610718
269,269,31.837386442115893,95.30583125602564,28.406069343759437,43.10385995219659,85.31563808795661,52.40438233003271,46.59111844063014,-1.085959561139395,-10.042944900331285,527.4090844103232,524.6598059139695,-85.72306659964865,-823.7670998436387
270,270,31.89160185185185,95.45871666666665,29.955829629629626,43.15173518518518,85.30564444444443,52.299959259259246,64.16997407407406,-1.7416592592592592,-9.800868518518518,531.5197962962962,539.3532351851851,-80.02903703703703,-835.038061111111
271,271,31.924309623819045,95.60161820931263,31.528038075386657,43.179688936286794,85.28728105014943,52.164865668216166,79.31981343229599,-2.3969547037958425,-9.54111347567033,535.4027367033692,554.0527430522509,-74.96073186197845,-846.2851242392092
272,272,31.93529101850806,95.7357289736786,33.12290514577766,43.18662221961794,85.26062156529298,52.00402826478125,91.65421269292018,-3.0505156603527137,-9.26308037761021,539.0763320005265,568.7536686066536,-70.55078796755605,-857.547491443893
273,273,31.92440555555556,95.86229629629631,34.74071851851853,43.17144814814815,85.22574259259261,51.823011111111114,100.8408203703704,-3.700924074074075,-8.96618888888889,542.5629203703704,583.4515166666667,-66.8354925925926,-868.8599611111111
274,274,31.891594333867403,95.98262914506387,36.38182849703741,43.13310713437275,85.1827334347899,51.62793331551455,106.6113200949763,-4.346674514061316,-8.649882848127376,545.8887448540669,598.1418924480711,-63.85435808954757,-880.2520481716783
275,275,31.836894607120396,96.09813802430897,38.04661250508435,43.070586719162264,85.13175031448527,51.425384433146114,108.78195336176444,-4.986200218778216,-8.313657409531187,549.0841478906007,612.8203733720517,-61.64935733296603,-891.7462354463117
276,276,31.76042962962963,96.21030185185185,39.73547222222223,42.98291851851852,85.07296851851852,51.22219259259259,107.25580740740742,-5.61787962962963,-7.957025925925927,552.182724074074,627.4824166666667,-60.26315740740742,-903.3577555555556
277,277,31.662411804782785,96.32066485587514,41.4488252864293,42.86919180912926,85.006586831148,51.02529471332217,102.0278758534775,-6.240040001978904,-7.579523695781007,555.2208887158448,642.1232410698524,-59.73782274971203,-915.094121837814
278,278,31.54316201341346,96.43086097981588,43.187079184662814,42.728599873345274,84.93289051925677,50.84154742066362,93.19914280799567,-6.850964425862018,-7.180753054043096,558.2373200179538,656.7375341164751,-60.1123783428024,-926.9538249004966
279,279,31.403079629629627,96.54259629629627,44.95060185185184,42.56043518518518,84.85222407407407,50.67750555555555,80.96705925925926,-7.448914814814814,-6.76036111111111,561.2716222222222,671.3192703703703,-61.42058888888889,-938.9269740740739
280,280,31.242643772597674,96.65763439274355,46.73970788608749,42.36409266531599,84.76498206410776,50.539287526962696,65.62335550253782,-8.032145801709518,-6.318042651379871,564.3634792665271,685.8615044091571,-63.68917865059092,-950.9952965837867
281,281,31.06244614582578,96.77776891670719,48.554643062362324,42.13908763935884,84.6716111252056,50.432359565883935,47.55645644400259,-8.598924994318832,-5.853572932806053,567.5512478614392,700.3558782640874,-66.93428946626726,-963.1314913499393
282,282,30.863148148148152,96.90481666666668,50.395574074074084,41.88507407407408,84.57262222222224,50.3613962962963,27.231957407407414,-9.14751851851852,-5.366794444444445,570.8705500000001,714.792362962963,-71.15996666666668,-975.3004851851853
283,283,30.645473851090948,97.04059990728102,52.26257393909677,41.601850772784324,84.4685860032605,50.33016989598007,5.183295763676123,-9.676200879018635,-4.857621914621038,574.3532149798691,729.1589768311821,-76.3566231459401,-987.4598414463101
284,284,30.41023142183733,97.18689596656749,54.15558582832797,41.28936240003778,84.36010659164619,50.34133252365928,-17.998957324475498,-10.183300789526337,-4.326072874925988,578.0252606731964,743.4411296191621,-82.49758598192254,-999.5598264266409
285,285,30.158292592592595,97.34542407407407,56.074424074074074,40.947677777777784,84.24783333333333,50.39642592592593,-41.69096851851852,-10.667190740740741,-3.7722703703703706,581.905924074074,757.621437037037,-89.53933333333335,-1011.5449555555556
286,286,29.89057649384163,97.51781815006888,58.01877623246066,40.5769932565453,84.13245318867246,50.495843211545655,-65.24941433096124,-11.126282759695401,-3.1964454290348563,586.0067148823683,771.6794528460484,-97.42097543372232,-1023.3546986165433
287,287,29.608021812023097,97.70555246160272,59.98820551639709,40.17766236720584,84.01465468321841,50.63869576534613,-88.03222839681366,-11.559028651642553,-2.598944366912158,590.3293217279214,785.5909888047344,-106.06234150973033,-1034.924221558566
288,288,29.311616666666662,97.90994444444442,61.98212037037037,39.75013703703703,83.89514444444443,50.82295185185185,-109.41923888888887,-11.963942592592591,-1.980248148148148,594.8655425925925,799.3282148148146,-115.36636851851848,-1046.1859962962963
289,289,29.00238505994815,98.132136566797,63.9997756884674,39.294955367546464,83.77464354899041,51.045476492270836,-128.82603864680385,-12.33960871693671,-1.3409772605908785,599.5967972141675,812.8595610930627,-125.21999595772749,-1057.070712024807
290,290,28.681314824400992,98.37303252879228,66.0403060788718,38.81276115236652,83.65385760166949,51.30202293741416,-145.72828234339863,-12.684680923318517,-0.6818883853010255,604.4926205410219,826.1493034962258,-135.49467869339665,-1067.5086284797023
291,291,28.349392592592594,98.63328148148149,68.10270185185186,38.304253703703715,83.53347037037038,51.587475925925936,-159.67246111111112,-12.997851851851854,-0.003883333333333066,609.511725925926,839.1580740740742,-146.0503925925926,-1077.4311407407408
292,292,28.00760309714734,98.91326696753107,70.18581523049936,37.77016645700663,83.41414799239247,51.89595984759864,-170.28547665569926,-13.277859099091948,0.6919866202685072,614.6022151831918,851.8430597956466,-156.73769705539218,-1086.7718798816454
293,293,27.656888404487788,99.21308497166766,72.28840469068925,37.211250350287436,83.29655606114194,52.22094634610638,-177.29489416385792,-13.523533355749567,1.4045166434798935,619.7012009629848,864.1581388118403,-167.40040615118664,-1095.4687231106282
294,294,27.29814074074074,99.53254074074074,74.40912037037037,36.628261111111115,83.18133518518519,52.55551851851852,-180.52663703703706,-13.733746296296296,2.1323574074074076,624.7369018518518,876.054812962963,-177.87965,-1103.4651444444444
295,295,26.93219691465515,99.87114597177954,76.54651188694609,36.02194025688393,83.069104819127,52.89252131924051,-179.90748960843226,-13.90740495292946,2.8740201912635284,629.629591756555,887.4827431927665,-188.0161604858011,-1110.7114285404512
296,296,26.559825650499352,100.22811324739475,78.69906987884393,35.392967551383315,82.96049940795295,53.2247818751535,-175.47552381069514,-14.043487497504689,3.6278837396986443,634.2925850532498,898.3905542728354,-197.65359494036463,-1117.1672549456373
297,297,26.181716666666663,100.60237962962962,80.86523518518517,34.74196296296296,82.85614444444444,53.54528333333332,-167.36582962962962,-14.141024074074073,4.392196296296296,638.634872222222,908.726974074074,-206.6406222222222,-1122.8025018518517
298,298,25.798474627091693,100.9926123712645,83.0434109947033,34.06948458792762,82.75666858375308,53.8473083062679,-155.80561304753533,-14.199091929163346,5.165085014897319,642.5626088461647,918.441609374968,-214.83208102154873,-1127.5982754459878
299,299,25.41060993432754,101.39720481284627,85.23199446360564,33.37601690543017,82.66276562276447,54.12472754664617,-141.11259892524353,-14.216821170358603,5.944583352904683,645.9813067235278,927.4863188816553,-222.0906213678277,-1131.5494306276084
300,300,25.01852592592593,101.81431666666668,87.42939444444445,32.6619462962963,82.57515925925927,54.37205740740742,-123.67377962962965,-14.1934,6.728622222222223,648.7982962962965,935.8161481481483,-228.28546481481484,-1134.6641000000002
301,301,24.62251878369597,102.2418810668016,89.63404834891318,31.927565236105746,82.4946059021132,54.58454428263904,-103.93516747407611,-14.12807526523396,7.5150408677787945,650.9243631597092,943.3900938866893,-233.29136489955494,-1136.9638599393188
302,302,24.222788738728045,102.67758767154764,91.84445871588815,31.1731086993988,82.4219415329719,54.75838381904517,-82.38985565574116,-14.02015051988886,8.301631349115302,652.2765883628344,950.172643746609,-236.9864661433812,-1138.4847093004166
303,303,23.819420370370374,103.11891481481481,94.0591925925926,30.398738888888893,82.35808148148148,54.89069259259259,-59.556507407407416,-13.869014814814816,9.086144444444445,652.7798981481482,956.1341092592593,-239.24801296296297,-1139.2742592592595
304,304,23.412381348767163,103.56312647342314,96.27688872958764,29.60455059683962,82.30400979343112,54.9795372336691,-35.96727013548491,-13.674142648309669,9.866294267064768,652.3684076257043,961.2510913898499,-239.94909595356512,-1139.390023718197
305,305,23.001538855053035,104.00722972187994,98.49628235992651,28.790606875179098,82.26074930934986,55.024057579794274,-12.150122573374059,-13.435067109457178,10.639769800827647,650.9882223314647,965.5076533788301,-238.95241492757583,-1138.8966414849494
306,306,22.58666296296296,104.4479722222222,100.71620370370368,27.95698148148148,82.22938518518517,55.024324074074066,11.386862962962962,-13.151427777777776,11.404255555555553,648.5976129629628,968.8947851851851,-236.10530925925923,-1137.859924074074
307,307,22.167431072980893,104.88181740748726,102.9355619723109,27.10377377808464,82.21105754337098,54.981299485298905,34.16585340994879,-12.822980453076555,12.157450750415105,645.1676822146893,971.4103500430887,-231.23578530906627,-1136.3423448863557
308,308,21.743439594154367,105.30486595191826,105.15329768385102,26.231117594260795,82.2069114179536,54.896858169130894,55.757017543456136,-12.449579547491048,12.897107933802308,640.6843553476305,973.0594454637347,-224.14466588794852,-1134.3943273187792
309,309,21.314212962962966,105.71282777777779,107.36837962962964,25.3392462962963,82.21805000000002,54.773590740740744,75.78491481481481,-12.031200000000002,13.621001851851853,635.1472037037039,973.8530777777779,-214.60389074074078,-1132.0456592592595
310,310,20.879213755270076,106.10097998860037,109.57976633132391,24.42852811253225,82.24551261760378,54.614721335550044,93.93451389670801,-11.567948440989948,14.326938255207384,628.5693149162994,973.8075623684005,-202.35465406609495,-1129.2981422765172
311,311,20.437867383546887,106.46405807685524,111.78628308778828,23.499513312784536,82.29024648164402,54.42403511451284,109.96433628876208,-11.060074813304889,15.01281383756263,620.9780515751401,972.9439063644833,-187.1031539371713,-1126.1103377543661
312,312,19.989594444444446,106.79622777777777,113.98655740740742,22.55295740740741,82.35302592592592,54.20567592592593,123.7031277777778,-10.507957407407408,15.676603703703703,612.4128240740741,971.2860907407407,-168.52605185185186,-1122.3890185185187
313,313,19.533817810813954,107.09104056734868,116.1789458843308,21.58985251341632,82.43441265589416,53.96403913009729,135.05064230994444,-9.91211006646178,16.31636013113026,602.9242522650804,968.8601234574553,-146.2738685298452,-1117.9806119368764
314,314,19.06995658757339,107.34131955203885,118.36135813777801,20.611504930127325,82.5347080493427,53.70362863295155,143.9835398133436,-9.273218936171036,16.930225366834563,592.5736772667443,965.6926906897891,-119.97662222284536,-1112.652051653871
315,315,18.59749074074074,107.53920925925924,120.53113148148147,19.61954074074074,82.65389814814814,53.42892777777777,150.5446796296296,-8.592112962962963,17.51646296296296,581.4305111111111,961.8096407407406,-89.2579222222222,-1106.0871314814813
316,316,18.115981686659943,107.67617190489837,122.68491377221655,18.615930463498632,82.79162176656035,53.14430398924114,154.83932665925482,-7.869760322122067,18.07345906758503,569.5709770142989,957.2350347602504,-53.7454292886224,-1097.8802961017502
317,317,17.625073333564234,107.74292717432246,124.81840855029449,17.603063527928036,82.94712258775469,52.8538298071655,157.03358200339846,-7.107287549605405,18.599697745309168,557.0766761812274,951.9895903844698,-13.090723300634467,-1087.5202572791134
318,318,17.124522222222225,107.72959444444444,126.92627037037039,16.583731481481482,83.11923333333334,52.56122777777778,157.34019074074075,-6.305961111111112,19.09380555555556,544.0321592592593,946.0899370370372,33.01095925925925,-1074.396925925926
319,319,16.614218600779353,107.62577117667449,129.00197429295565,15.561136664179442,83.30637012807708,52.269811918181446,156.01190060412137,-5.467185060531376,19.554564277337104,530.5235962368926,939.5480352711021,84.80440869488022,-1057.8022267660938
320,320,16.09422213993894,107.42064456474445,131.0374985347955,14.538937615871713,83.50653047003213,51.9823514245671,153.33413566907726,-4.592511422227575,19.98090541317297,516.6368930427268,932.3700430055435,142.44130849682918,-1036.9259422976077
321,321,15.564755555555555,107.10322777777778,133.0233,13.521205555555557,83.71733703703704,51.70107777777778,149.61140925925926,-3.683605555555556,20.371916666666667,502.45603888888894,924.5566111111111,205.9627851851852,-1010.8769574074074
322,322,15.026215144004116,106.66253170160371,134.94822241969757,12.512411435836654,83.9360658564228,51.42766073909892,145.15994503575655,-2.74224712339681,20.726847605257845,488.0620331965746,916.1028941517802,275.2822279716742,-978.6950199130064
323,323,14.479210905416256,106.08788664979546,136.7992243661985,11.517427086045403,84.15969610517816,51.16312388162988,140.29734363254394,-1.7703648855860135,21.045120906053526,473.5310576240805,906.9982932432102,350.14715535638896,-939.3677430492571
324,324,13.924546296296295,105.36925555555554,138.56151296296295,10.541440740740741,84.38502777777776,50.90793518518518,135.3328037037037,-0.7699629629629628,21.32633703703704,458.9338277777777,897.2276944444443,430.1349537037037,-891.8647203703702
325,325,13.363216254784094,104.4974858830884,140.21854554988957,9.589912532183302,84.60875138173222,50.66202087090409,130.56090513652208,0.25688191733875176,21.57027990546355,444.3349768141815,886.7720895067623,514.6426757069554,-835.1609257471094
326,326,12.796421893913346,103.46481441716573,141.75190466331392,8.668513810986152,84.82755793799014,50.4247209840948,126.25122326609888,1.3079570020754971,21.776929658407656,429.7917008686117,875.6093479275202,602.8584019521478,-768.2785126553686
327,327,12.225544444444447,102.26515925925926,143.14164629629633,7.783003703703705,85.0382888888889,50.194935185185194,122.64399629629632,2.3809851851851853,21.946446296296298,415.3540555555556,863.7158722222223,693.7794833333334,-690.3253240740742
328,328,11.652136702808821,100.89439281526965,144.36645183568342,6.939149542850625,85.23802989386388,49.971167598963106,119.94633256828423,3.473642594396862,22.0791684649218,401.06482937618426,851.0676096287685,786.2171605264958,-600.5255840307738
329,329,11.07792057507683,99.35093432632686,145.40377473363964,6.14259157640239,85.42426612407743,49.751526205710945,118.32422962370313,4.583540006550067,22.17562620465782,386.9588336859983,837.6416700603111,878.7934616856456,-498.28084084741084
330,330,10.504735185185186,97.63586851851852,146.23037037037037,5.398701851851852,85.59501481481482,49.53386666666667,117.90376111111111,5.708240740740741,22.23653148148148,373.06389444444443,823.4177574074075,969.9841796296297,-383.1984203703703
331,331,9.934520629806935,95.75314322890378,146.8226157463863,4.712479353047838,85.74891425170388,49.315854938447686,118.77016350807169,6.845265981720714,22.262768795485528,359.4011306115208,808.3792072987418,1058.1421734472488,-255.1201191336637
332,332,9.369315814227123,93.71008912809194,147.15701479008246,4.088350426000319,85.8853791845535,49.09502497679146,120.96367301581476,7.9920945162366035,22.255376095690696,345.9848632593791,792.5149174161581,1141.5300189170712,-114.18663403697946
333,333,8.811192592592592,91.51723518518517,147.21076666666664,3.530044444444444,86.00464074074073,48.86889259259259,124.48504629629628,9.14620185185185,22.21555185185185,332.8239351851851,775.8200796296295,1218.3791074074074,39.15978518518517
334,334,8.262228383349353,89.18832507799634,146.96220311303875,3.0404804670340906,86.10779829940046,48.63500750638245,129.29725263525526,10.305062836936601,22.144649884495568,319.92222888331486,758.2969057223307,1286.9283034689186,204.16020141333522
335,335,7.724484226023308,86.74055386476549,146.3916346594763,2.6215243327323434,86.19694486022023,48.391009546186964,135.3254266169077,11.466123687154733,22.044154018413835,307.2790262937307,739.9562498975886,1345.4901320285262,379.69275363011195
336,336,7.199964814814815,84.19406296296296,145.48178888888893,2.2739296296296296,86.27506851851852,48.134720370370374,142.46468703703707,12.626866666666668,21.915651851851855,294.8903055555556,720.8174055555556,1392.5070481481484,564.305812962963
337,337,6.690594844080101,81.57171657360841,144.21825431077963,1.9972510948946252,86.3460312814665,47.864184650220984,150.5835931385867,13.784820045405032,21.760832673872255,282.74933452306806,700.9083278207545,1426.5944215510592,756.2256426240039
338,338,6.198182211553042,78.89888198822622,142.59047915314798,1.789622948301745,86.41459734961339,47.57771203059399,159.52752218605306,14.937525375534992,21.581503481718848,270.84729614228337,680.2665595451364,1446.623469811528,953.3482169573767
339,339,5.724383333333333,76.20267592592593,140.59191296296297,1.647801851851852,86.48622407407407,47.27392037037038,169.12655925925927,16.082581481481483,21.379533333333338,259.174262962963,658.9381555555556,1451.7516037037037,1153.3063740740743
340,340,5.2706879797254365,73.51153191822794,138.22032616791762,1.5671345185551313,86.56695822823622,46.95175489437938,179.19959650386085,17.217662174591158,21.156841431746237,247.71970937791033,636.977391381402,1441.4542838426225,1353.502654307621
341,341,4.838403978517929,70.85454918302355,135.47870373151056,1.5414103865649071,86.66331021543732,46.61050696169021,189.5597309014107,18.340527455108155,20.915414821672133,236.47319610427948,614.4468955999047,1415.5977669377967,1551.1486629225667
342,342,4.4286407407407395,68.2606574074074,132.3749722222222,1.5630222222222216,86.78201666666665,46.24981481481481,200.0203648148148,19.449048148148147,20.657279629629627,225.42489814814812,591.4160666666666,1374.4260796296294,1743.350735185185
343,343,4.042296748618949,65.75806162588844,128.92207973553852,1.6230151552749899,86.92988240492417,45.86966336354534,210.3988671061432,20.541215693796364,20.38448996316747,214.56592420251164,567.9604323830563,1318.5679912717035,1927.1612971066734
344,344,3.6800374794674946,63.373279139261015,125.13852747757436,1.711084946460161,87.1135073949042,45.470381592191046,220.52234678486292,21.61514987389418,20.0991219229256,203.88882565507714,544.1611581402223,1249.0725134081624,2099.6596685539025
345,345,3.3423259259259264,61.13053148148148,121.04765185185187,1.8158370370370376,87.33908703703706,45.05259814814816,230.2308703703704,22.669124074074077,19.80325740740741,193.38768703703704,520.103462962963,1167.3494444444445,2258.0311092592597
346,346,3.0294233596505658,59.05123550813458,116.67741365500034,1.9249133891767471,87.6122424914569,44.61722355328035,239.37990937445886,23.70157653718587,19.49898053545177,183.05820716644752,495.8758813229599,1075.1455862794912,2399.6224617701114
347,347,2.74136181770314,57.15296397924986,112.0604318461612,2.0251459420666826,87.93767163969618,44.16543560333263,247.84506715937553,24.711121876804366,19.18838119393635,172.89787500095284,471.5694581437204,974.5270683073103,2522.0433985467967
348,348,2.4779796296296297,55.449279629629636,107.23294629629629,2.102881481481482,88.31905740740741,43.69861111111111,255.52220185185186,25.696575925925927,18.87352962962963,162.90572037037037,447.2766185185185,867.7880111111111,2623.212703703704
349,349,2.238935842044537,53.94944207235788,102.23434517932264,2.144168177973137,88.7589436140184,43.21829820679662,262.32831530226184,26.656959187573964,18.556471483774597,153.08218957082664,423.0905924209629,757.4011549813714,2701.40113331275
350,350,2.0237193264013222,52.65762452634254,97.10667056347273,2.135036706122184,89.25842368155567,42.72619401496013,268.2043247906978,27.59148411055707,18.23923674005735,143.4289925338519,399.10467980877877,645.949222180939,2755.3239861354796
351,351,1.831662962962963,51.573294444444436,91.89349814814814,2.061807407407407,89.81719074074073,42.22407777777777,273.1126796296296,28.49957222222222,17.923816666666667,133.9486648148148,375.4117166666666,536.0297962962964,2784.1372499999998
352,352,1.6619516800016216,50.691233888962614,86.63932523411424,1.9113028308422255,90.4334962255142,41.7137766505139,277.03680218231244,29.380861005173852,17.612152198983626,124.64432775790387,352.10379069121893,430.19513558584134,2787.454009683864
353,353,1.5136352265381288,50.00122616595163,81.38870748278607,1.6712281631226529,91.10396449741941,41.19712319870174,279.9816693479802,30.235206288278548,17.306120821187513,115.51935154293213,329.2718502628574,330.85241396794476,2765.40142387942
354,354,1.3856574074074075,49.488912962962964,76.1853462962963,1.330351851851852,91.82378518518519,40.675931481481484,281.9699685185185,31.06265,17.00753333333333,106.57700740740741,307.0057074074074,240.1978851851852,2718.564724074074
355,355,1.2768576368259648,49.13614938272136,71.07147449059708,0.8786866801555264,92.58677453083457,40.151967835926285,283.0405312994943,31.863415323817165,16.71812048169455,97.82026536356219,285.3940148418449,160.16351331646578,2647.9726220830285
356,356,1.1859491537744118,48.9212937860061,66.0867938663124,0.30789063657973903,93.38538188862641,39.62688213860615,283.24709930461927,32.637921415054784,16.439493851217915,89.25149168722224,264.52418676559313,92.3113919573617,2555.1055513999804
357,357,1.1115629629629629,48.820257407407404,61.26827592592591,-0.38881481481481484,94.21101666666665,39.10222777777777,282.6540944444444,33.38672962962963,16.173149999999996,80.87243703703702,244.48269629629627,37.844831481481485,2441.794855555555
358,358,1.0522445359734076,48.80709231138598,56.649462764560546,-1.216420447210751,95.05416942839204,38.57944129662419,281.3347495908548,34.1105357642061,15.920443598238048,72.68421991084212,225.35510810969956,-2.445227413208134,2310.1909641561815
359,359,1.0064032006521089,48.854834437585204,52.25860678276474,-2.177411857315957,95.90449394609348,38.05976220131821,279.3691810675814,34.81019468846876,15.682504961432741,64.68729572701832,207.22591658165925,-28.344378142345974,2162.754086255347
360,360,0.9724148148148147,48.93628333333333,48.122661111111114,-3.273661111111111,96.7514425925926,37.54438148148148,276.8391481481481,35.4866,15.46040925925926,56.881959259259254,190.17935555555556,-39.779399999999995,2002.0192203703702
